No.,Species,Local Name,Location,Count (Approx.),Breeding Time,Habitat
1,Barracuda,Local Name 1,Kerala Backwaters,Common,Summer (May-Jul),"Coastal, Mangroves"
2,Yellow Sea Bream,Local Name 2,Gulf of Mannar,Stable,Monsoon (July-Sept),"Brackish, Brackish"
3,Tuna,Local Name 3,Kochi,Rare,Year-round,"Shallow Reefs, Open Sea"
4,Snappers,Local Name 4,Goa,Stable,Spring (Mar-Apr),"Sandy Bottoms, Open Sea"
5,Snappers,Local Name 5,Kochi,Rare,Monsoon (July-Sept),"Sandy Bottoms, Estuaries"
6,Barracuda,Local Name 6,Odisha Coast,Common,Summer (May-Jul),"Coastal, Mangroves"
7,Wrasse,Local Name 7,Odisha Coast,Stable,Monsoon (July-Sept),"Brackish, Brackish"
8,Bluespotted Ribbontail Ray,Local Name 8,Goa,Critically Endangered,Spring (Mar-Apr),"Open Sea, Mangroves"
9,Giant Grouper,Local Name 9,Andaman Islands,Critically Endangered,Monsoon (July-Sept),"Open Sea, Brackish"
10,Barramundi,Local Name 10,Gulf of Mannar,Common,Year-round,"Open Sea, Estuaries"
11,Ribbon Fish,Local Name 11,Goa,Moderate,Spring (Mar-Apr),"Brackish, Coastal"
12,Sturgeon,Local Name 12,Odisha Coast,Endangered,Summer (May-Jul),"Brackish, Shallow Reefs"
13,Sturgeon,Local Name 13,West Bengal Coast,Declining,Spring (Mar-Apr),"Estuaries, Open Sea"
14,Tuna,Local Name 14,Andaman Islands,Rare,Winter (Dec-Feb),"Freshwater rivers, Brackish"
15,Hilsa,Local Name 15,"Sundarbans, West Bengal",Stable,Year-round,"Coral Reefs, Sandy Bottoms"
16,Gobies,Local Name 16,West Bengal Coast,Common,Year-round,"Sandy Bottoms, Coastal"
17,Carp,Local Name 17,Odisha Coast,Moderate,Summer (May-Jul),"Sandy Bottoms, Open Sea"
18,Bonito,Local Name 18,Kochi,Rare,Monsoon (July-Sept),"Freshwater rivers, Shallow Reefs"
19,Mahi-Mahi,Local Name 19,Odisha Coast,Stable,Summer (May-Jul),"Coastal, Coral Reefs"
20,Anthias,Local Name 20,Odisha Coast,Critically Endangered,Winter (Dec-Feb),"Freshwater rivers, Freshwater rivers"
21,Cod,Local Name 21,Bay of Bengal,Moderate,Monsoon (July-Sept),"Brackish, Coral Reefs"
22,Bombay Duck,Local Name 22,"Sundarbans, West Bengal",Common,Monsoon (July-Sept),"Sandy Bottoms, Freshwater rivers"
23,Catfish,Local Name 23,Kerala Backwaters,Critically Endangered,Spring (Mar-Apr),"Coral Reefs, Sandy Bottoms"
24,Carp,Local Name 24,Goa,Common,Spring (Mar-Apr),"Brackish, Coastal"
25,Eel,Local Name 25,Mumbai Coast,Common,Monsoon (July-Sept),"Coral Reefs, Mangroves"
26,Tilapia,Local Name 26,Goa,Stable,Monsoon (July-Sept),"Sandy Bottoms, Shallow Reefs"
27,Bombay Duck,Local Name 27,Mumbai Coast,Moderate,Winter (Dec-Feb),"Rocky Reefs, Mangroves"
28,Shovelnose Ray,Local Name 28,Lakshadweep Sea,Moderate,Spring (Mar-Apr),"Coastal, Open Sea"
29,Blue Marlin,Local Name 29,Mumbai Coast,Rare,Summer (May-Jul),"Mangroves, Coral Reefs"
30,Groupers,Local Name 30,Palk Strait,Moderate,Summer (May-Jul),"Open Sea, Mangroves"
31,Blue Chromis,Local Name 31,West Bengal Coast,Common,Spring (Mar-Apr),"Rocky Reefs, Estuaries"
32,Mahi-Mahi,Local Name 32,Kochi,Rare,Year-round,"Sandy Bottoms, Coastal"
33,Blue Chromis,Local Name 33,Bay of Bengal,Critically Endangered,Winter (Dec-Feb),"Mangroves, Mangroves"
34,Hawkfish,Local Name 34,Lakshadweep Sea,Common,Winter (Dec-Feb),"Shallow Reefs, Coral Reefs"
35,Trevally,Local Name 35,Kanyakumari,Declining,Monsoon (July-Sept),"Shallow Reefs, Mangroves"
36,Moray Eel,Local Name 36,Tamil Nadu Coast,Moderate,Summer (May-Jul),"Mangroves, Coral Reefs"
37,Gobies,Local Name 37,Goa,Rare,Summer (May-Jul),"Open Sea, Brackish"
38,Sturgeon,Local Name 38,Odisha Coast,Endangered,Year-round,"Open Sea, Brackish"
39,Hilsa,Local Name 39,Palk Strait,Endangered,Spring (Mar-Apr),"Mangroves, Estuaries"
40,Longcomb Sawfish,Local Name 40,Odisha Coast,Common,Winter (Dec-Feb),"Shallow Reefs, Freshwater rivers"
41,Anchovy,Local Name 41,Kanyakumari,Critically Endangered,Monsoon (July-Sept),"Shallow Reefs, Estuaries"
42,Tilefish,Local Name 42,Palk Strait,Rare,Year-round,"Mangroves, Mangroves"
43,Snappers,Local Name 43,Kanyakumari,Critically Endangered,Monsoon (July-Sept),"Freshwater rivers, Mangroves"
44,Bluespotted Ribbontail Ray,Local Name 44,Odisha Coast,Stable,Year-round,"Estuaries, Rocky Reefs"
45,Barracuda,Local Name 45,Lakshadweep Sea,Moderate,Spring (Mar-Apr),"Sandy Bottoms, Open Sea"
46,Ladyfish,Local Name 46,Tamil Nadu Coast,Endangered,Summer (May-Jul),"Shallow Reefs, Rocky Reefs"
47,Dory,Local Name 47,"Sundarbans, West Bengal",Endangered,Winter (Dec-Feb),"Sandy Bottoms, Rocky Reefs"
48,Mandarinfish,Local Name 48,Goa,Declining,Spring (Mar-Apr),"Mangroves, Coral Reefs"
49,Giant Grouper,Local Name 49,Bay of Bengal,Critically Endangered,Summer (May-Jul),"Mangroves, Rocky Reefs"
50,Herring,Local Name 50,Palk Strait,Declining,Spring (Mar-Apr),"Mangroves, Rocky Reefs"
51,Drum,Local Name 51,Bay of Bengal,Moderate,Monsoon (July-Sept),"Rocky Reefs, Open Sea"
52,Sandperch,Local Name 52,Gulf of Mannar,Stable,Year-round,"Coral Reefs, Freshwater rivers"
53,Seahorse,Local Name 53,"Sundarbans, West Bengal",Critically Endangered,Winter (Dec-Feb),"Brackish, Mangroves"
54,Giant Grouper,Local Name 54,Palk Strait,Common,Spring (Mar-Apr),"Shallow Reefs, Brackish"
55,Hilsa,Local Name 55,Andaman Islands,Endangered,Monsoon (July-Sept),"Brackish, Coastal"
56,Blue Chromis,Local Name 56,Bay of Bengal,Endangered,Monsoon (July-Sept),"Sandy Bottoms, Sandy Bottoms"
57,Blacktip Shark,Local Name 57,Kochi,Moderate,Winter (Dec-Feb),"Freshwater rivers, Mangroves"
58,Trevally,Local Name 58,Bay of Bengal,Declining,Spring (Mar-Apr),"Sandy Bottoms, Brackish"
59,Herring,Local Name 59,Rameswaram Coast,Critically Endangered,Summer (May-Jul),"Shallow Reefs, Rocky Reefs"
60,Blue Chromis,Local Name 60,Lakshadweep Sea,Stable,Year-round,"Brackish, Coastal"
61,Hilsa,Local Name 61,Andaman Islands,Moderate,Year-round,"Brackish, Mangroves"
62,Pufferfish,Local Name 62,Gulf of Mannar,Critically Endangered,Summer (May-Jul),"Rocky Reefs, Estuaries"
63,Cod,Local Name 63,Kanyakumari,Declining,Winter (Dec-Feb),"Estuaries, Sandy Bottoms"
64,Yellow Sea Bream,Local Name 64,Rameswaram Coast,Stable,Spring (Mar-Apr),"Rocky Reefs, Freshwater rivers"
65,Indo-Pacific King Mackerel,Local Name 65,Tamil Nadu Coast,Declining,Winter (Dec-Feb),"Open Sea, Rocky Reefs"
66,Groupers,Local Name 66,Rameswaram Coast,Common,Year-round,"Coastal, Open Sea"
67,Anglerfish,Local Name 67,Goa,Rare,Year-round,"Freshwater rivers, Estuaries"
68,Groupers,Local Name 68,"Sundarbans, West Bengal",Endangered,Spring (Mar-Apr),"Coral Reefs, Shallow Reefs"
69,Sardine,Local Name 69,"Sundarbans, West Bengal",Common,Summer (May-Jul),"Brackish, Rocky Reefs"
70,Indo-Pacific King Mackerel,Local Name 70,Andaman Islands,Stable,Summer (May-Jul),"Coastal, Coastal"
71,Surgeon Fish,Local Name 71,Goa,Critically Endangered,Spring (Mar-Apr),"Open Sea, Estuaries"
72,Ribbon Fish,Local Name 72,Visakhapatnam,Rare,Winter (Dec-Feb),"Brackish, Brackish"
73,Pomfret,Local Name 73,Lakshadweep Sea,Critically Endangered,Monsoon (July-Sept),"Open Sea, Coastal"
74,Emperor Fish,Local Name 74,Kochi,Rare,Monsoon (July-Sept),"Brackish, Freshwater rivers"
75,Gobies,Local Name 75,Odisha Coast,Stable,Year-round,"Rocky Reefs, Rocky Reefs"
76,Hawkfish,Local Name 76,Andaman Islands,Declining,Winter (Dec-Feb),"Brackish, Sandy Bottoms"
77,Bonito,Local Name 77,Mumbai Coast,Moderate,Winter (Dec-Feb),"Estuaries, Open Sea"
78,Tuna,Local Name 78,Goa,Rare,Summer (May-Jul),"Brackish, Estuaries"
79,Tilefish,Local Name 79,"Sundarbans, West Bengal",Critically Endangered,Year-round,"Shallow Reefs, Coral Reefs"
80,Pike,Local Name 80,Kochi,Rare,Winter (Dec-Feb),"Open Sea, Mangroves"
81,Pufferfish,Local Name 81,Bay of Bengal,Rare,Spring (Mar-Apr),"Shallow Reefs, Sandy Bottoms"
82,Bluespotted Ribbontail Ray,Local Name 82,Palk Strait,Rare,Winter (Dec-Feb),"Mangroves, Brackish"
83,Eel,Local Name 83,Visakhapatnam,Rare,Winter (Dec-Feb),"Freshwater rivers, Shallow Reefs"
84,Clown Fish,Local Name 84,Kerala Backwaters,Declining,Spring (Mar-Apr),"Open Sea, Coastal"
85,Scorpion Fish,Local Name 85,Andaman Islands,Endangered,Year-round,"Sandy Bottoms, Estuaries"
86,Blue Marlin,Local Name 86,Mumbai Coast,Rare,Summer (May-Jul),"Sandy Bottoms, Brackish"
87,Goby,Local Name 87,Lakshadweep Sea,Common,Spring (Mar-Apr),"Freshwater rivers, Estuaries"
88,Longcomb Sawfish,Local Name 88,Rameswaram Coast,Common,Summer (May-Jul),"Shallow Reefs, Coastal"
89,Shovelnose Ray,Local Name 89,Kerala Backwaters,Rare,Spring (Mar-Apr),"Open Sea, Coastal"
90,Mahi-Mahi,Local Name 90,"Sundarbans, West Bengal",Rare,Summer (May-Jul),"Shallow Reefs, Brackish"
91,Longcomb Sawfish,Local Name 91,Visakhapatnam,Moderate,Monsoon (July-Sept),"Sandy Bottoms, Open Sea"
92,Shovelnose Ray,Local Name 92,Bay of Bengal,Critically Endangered,Spring (Mar-Apr),"Estuaries, Brackish"
93,Barracuda,Local Name 93,Visakhapatnam,Critically Endangered,Winter (Dec-Feb),"Rocky Reefs, Shallow Reefs"
94,Bream,Local Name 94,Lakshadweep Sea,Common,Summer (May-Jul),"Coastal, Coral Reefs"
95,Barramundi,Local Name 95,Odisha Coast,Common,Spring (Mar-Apr),"Rocky Reefs, Open Sea"
96,Bluefin Tuna,Local Name 96,Lakshadweep Sea,Critically Endangered,Spring (Mar-Apr),"Open Sea, Shallow Reefs"
97,Goby,Local Name 97,Andaman Islands,Moderate,Summer (May-Jul),"Freshwater rivers, Shallow Reefs"
98,Trevally,Local Name 98,Kochi,Critically Endangered,Year-round,"Estuaries, Open Sea"
99,Indian Featherback,Local Name 99,Kanyakumari,Moderate,Winter (Dec-Feb),"Coral Reefs, Shallow Reefs"
100,Indian Featherback,Local Name 100,Palk Strait,Common,Year-round,"Open Sea, Open Sea"
101,Indo-Pacific King Mackerel,Local Name 101,Kerala Backwaters,Common,Monsoon (July-Sept),"Shallow Reefs, Freshwater rivers"
102,Anchovy,Local Name 102,Tamil Nadu Coast,Common,Summer (May-Jul),"Brackish, Coastal"
103,Trout,Local Name 103,Mumbai Coast,Moderate,Monsoon (July-Sept),"Estuaries, Estuaries"
104,Silver Whiting,Local Name 104,West Bengal Coast,Declining,Summer (May-Jul),"Sandy Bottoms, Coral Reefs"
105,Trout,Local Name 105,West Bengal Coast,Critically Endangered,Year-round,"Estuaries, Shallow Reefs"
106,Catfish,Local Name 106,Visakhapatnam,Common,Monsoon (July-Sept),"Coral Reefs, Open Sea"
107,Cod,Local Name 107,Lakshadweep Sea,Declining,Spring (Mar-Apr),"Rocky Reefs, Coastal"
108,Yellow Sea Bream,Local Name 108,Gulf of Mannar,Endangered,Monsoon (July-Sept),"Freshwater rivers, Sandy Bottoms"
109,Dory,Local Name 109,Palk Strait,Endangered,Monsoon (July-Sept),"Freshwater rivers, Open Sea"
110,Bluespotted Ribbontail Ray,Local Name 110,Kochi,Endangered,Summer (May-Jul),"Coral Reefs, Coral Reefs"
111,Trevally,Local Name 111,West Bengal Coast,Critically Endangered,Spring (Mar-Apr),"Mangroves, Freshwater rivers"
112,Indian Featherback,Local Name 112,Goa,Rare,Year-round,"Estuaries, Rocky Reefs"
113,Mackerel,Local Name 113,Tamil Nadu Coast,Declining,Summer (May-Jul),"Freshwater rivers, Open Sea"
114,Tilapia,Local Name 114,Lakshadweep Sea,Critically Endangered,Monsoon (July-Sept),"Rocky Reefs, Brackish"
115,Tuna,Local Name 115,Gulf of Mannar,Stable,Winter (Dec-Feb),"Sandy Bottoms, Mangroves"
116,Sturgeon,Local Name 116,Gulf of Mannar,Rare,Year-round,"Coral Reefs, Open Sea"
117,Tilefish,Local Name 117,Bay of Bengal,Declining,Monsoon (July-Sept),"Sandy Bottoms, Coral Reefs"
118,Bonito,Local Name 118,Kerala Backwaters,Common,Summer (May-Jul),"Sandy Bottoms, Shallow Reefs"
119,Goby,Local Name 119,Gulf of Mannar,Common,Monsoon (July-Sept),"Mangroves, Open Sea"
120,Surgeon Fish,Local Name 120,Visakhapatnam,Endangered,Winter (Dec-Feb),"Sandy Bottoms, Rocky Reefs"
121,Indian Featherback,Local Name 121,"Sundarbans, West Bengal",Rare,Winter (Dec-Feb),"Rocky Reefs, Coral Reefs"
122,Blue Marlin,Local Name 122,Bay of Bengal,Critically Endangered,Winter (Dec-Feb),"Brackish, Coastal"
123,Bonito,Local Name 123,Kochi,Common,Winter (Dec-Feb),"Brackish, Coastal"
124,Tuna,Local Name 124,Andaman Islands,Endangered,Winter (Dec-Feb),"Estuaries, Freshwater rivers"
125,Barramundi,Local Name 125,Rameswaram Coast,Moderate,Winter (Dec-Feb),"Freshwater rivers, Brackish"
126,Dory,Local Name 126,Tamil Nadu Coast,Declining,Year-round,"Mangroves, Freshwater rivers"
127,Barracuda,Local Name 127,West Bengal Coast,Declining,Spring (Mar-Apr),"Sandy Bottoms, Coastal"
128,Trevally,Local Name 128,Odisha Coast,Stable,Summer (May-Jul),"Sandy Bottoms, Coastal"
129,Swordfish,Local Name 129,Mumbai Coast,Declining,Winter (Dec-Feb),"Coral Reefs, Sandy Bottoms"
130,Blue Chromis,Local Name 130,"Sundarbans, West Bengal",Common,Year-round,"Shallow Reefs, Shallow Reefs"
131,Hilsa,Local Name 131,Rameswaram Coast,Moderate,Summer (May-Jul),"Open Sea, Coral Reefs"
132,Guitarfish,Local Name 132,Gulf of Mannar,Critically Endangered,Spring (Mar-Apr),"Brackish, Open Sea"
133,Bombay Duck,Local Name 133,Gulf of Mannar,Declining,Monsoon (July-Sept),"Estuaries, Brackish"
134,Longcomb Sawfish,Local Name 134,Gulf of Mannar,Common,Year-round,"Coral Reefs, Coral Reefs"
135,Dory,Local Name 135,Goa,Declining,Summer (May-Jul),"Freshwater rivers, Sandy Bottoms"
136,Gobies,Local Name 136,Kochi,Declining,Year-round,"Rocky Reefs, Sandy Bottoms"
137,Indo-Pacific King Mackerel,Local Name 137,Gulf of Mannar,Rare,Year-round,"Shallow Reefs, Sandy Bottoms"
138,Barramundi,Local Name 138,West Bengal Coast,Endangered,Spring (Mar-Apr),"Coastal, Shallow Reefs"
139,Silver Whiting,Local Name 139,Kanyakumari,Common,Summer (May-Jul),"Brackish, Rocky Reefs"
140,Hawkfish,Local Name 140,Bay of Bengal,Common,Summer (May-Jul),"Open Sea, Freshwater rivers"
141,Snapper,Local Name 141,Mumbai Coast,Declining,Spring (Mar-Apr),"Rocky Reefs, Coastal"
142,Snapper,Local Name 142,Gulf of Mannar,Rare,Summer (May-Jul),"Estuaries, Shallow Reefs"
143,Anchovy,Local Name 143,West Bengal Coast,Declining,Summer (May-Jul),"Coral Reefs, Coral Reefs"
144,Mahi-Mahi,Local Name 144,Lakshadweep Sea,Critically Endangered,Spring (Mar-Apr),"Mangroves, Open Sea"
145,Mandarinfish,Local Name 145,Kochi,Endangered,Spring (Mar-Apr),"Shallow Reefs, Rocky Reefs"
146,Wrasse,Local Name 146,Andaman Islands,Common,Spring (Mar-Apr),"Mangroves, Rocky Reefs"
147,Indian Featherback,Local Name 147,Mumbai Coast,Stable,Year-round,"Brackish, Mangroves"
148,Trevally,Local Name 148,"Sundarbans, West Bengal",Stable,Spring (Mar-Apr),"Open Sea, Sandy Bottoms"
149,Sandperch,Local Name 149,Andaman Islands,Stable,Year-round,"Brackish, Estuaries"
150,Herring,Local Name 150,Palk Strait,Moderate,Summer (May-Jul),"Mangroves, Rocky Reefs"
151,Tilapia,Local Name 151,Goa,Critically Endangered,Year-round,"Coral Reefs, Brackish"
152,Drum,Local Name 152,Kanyakumari,Endangered,Summer (May-Jul),"Coastal, Coral Reefs"
153,Hilsa,Local Name 153,Goa,Critically Endangered,Spring (Mar-Apr),"Open Sea, Coastal"
154,Surgeon Fish,Local Name 154,Goa,Critically Endangered,Spring (Mar-Apr),"Mangroves, Open Sea"
155,Anchovy,Local Name 155,Tamil Nadu Coast,Rare,Year-round,"Open Sea, Shallow Reefs"
156,Guitarfish,Local Name 156,"Sundarbans, West Bengal",Stable,Year-round,"Open Sea, Freshwater rivers"
157,Indian Featherback,Local Name 157,Bay of Bengal,Endangered,Summer (May-Jul),"Estuaries, Brackish"
158,Barracuda,Local Name 158,Visakhapatnam,Declining,Summer (May-Jul),"Brackish, Coastal"
159,Barramundi,Local Name 159,West Bengal Coast,Endangered,Spring (Mar-Apr),"Shallow Reefs, Estuaries"
160,Mullet,Local Name 160,Kochi,Stable,Year-round,"Rocky Reefs, Coral Reefs"
161,Mandarinfish,Local Name 161,Palk Strait,Critically Endangered,Spring (Mar-Apr),"Estuaries, Shallow Reefs"
162,Silver Whiting,Local Name 162,Gulf of Mannar,Declining,Winter (Dec-Feb),"Sandy Bottoms, Freshwater rivers"
163,Tilapia,Local Name 163,Kerala Backwaters,Common,Summer (May-Jul),"Brackish, Shallow Reefs"
164,Giant Grouper,Local Name 164,Kanyakumari,Moderate,Year-round,"Mangroves, Estuaries"
165,Grunt,Local Name 165,Palk Strait,Rare,Year-round,"Brackish, Freshwater rivers"
166,Trout,Local Name 166,Odisha Coast,Endangered,Summer (May-Jul),"Sandy Bottoms, Coastal"
167,Mackerel,Local Name 167,Andaman Islands,Endangered,Spring (Mar-Apr),"Brackish, Coastal"
168,Barramundi,Local Name 168,Lakshadweep Sea,Endangered,Winter (Dec-Feb),"Coral Reefs, Coral Reefs"
169,Wrasse,Local Name 169,Andaman Islands,Moderate,Winter (Dec-Feb),"Freshwater rivers, Freshwater rivers"
170,Parrot Fish,Local Name 170,Mumbai Coast,Declining,Monsoon (July-Sept),"Freshwater rivers, Shallow Reefs"
171,Snapper,Local Name 171,Mumbai Coast,Rare,Monsoon (July-Sept),"Rocky Reefs, Mangroves"
172,Scorpion Fish,Local Name 172,Kerala Backwaters,Rare,Year-round,"Open Sea, Sandy Bottoms"
173,Sandperch,Local Name 173,Bay of Bengal,Stable,Summer (May-Jul),"Freshwater rivers, Brackish"
174,Anthias,Local Name 174,Goa,Stable,Summer (May-Jul),"Mangroves, Coral Reefs"
175,Pike,Local Name 175,Gulf of Mannar,Stable,Spring (Mar-Apr),"Sandy Bottoms, Freshwater rivers"
176,Snappers,Local Name 176,Kanyakumari,Stable,Year-round,"Rocky Reefs, Coastal"
177,Hilsa,Local Name 177,Lakshadweep Sea,Rare,Spring (Mar-Apr),"Freshwater rivers, Open Sea"
178,Goby,Local Name 178,"Sundarbans, West Bengal",Stable,Monsoon (July-Sept),"Rocky Reefs, Coastal"
179,Bream,Local Name 179,Lakshadweep Sea,Endangered,Monsoon (July-Sept),"Coral Reefs, Rocky Reefs"
180,Barramundi,Local Name 180,Kanyakumari,Moderate,Winter (Dec-Feb),"Coral Reefs, Shallow Reefs"
181,Sturgeon,Local Name 181,Kochi,Moderate,Year-round,"Estuaries, Freshwater rivers"
182,Surgeon Fish,Local Name 182,Goa,Endangered,Monsoon (July-Sept),"Shallow Reefs, Coral Reefs"
183,Barracuda,Local Name 183,Tamil Nadu Coast,Critically Endangered,Monsoon (July-Sept),"Mangroves, Rocky Reefs"
184,Snapper,Local Name 184,Mumbai Coast,Critically Endangered,Summer (May-Jul),"Shallow Reefs, Coral Reefs"
185,Blue Chromis,Local Name 185,Odisha Coast,Critically Endangered,Spring (Mar-Apr),"Coastal, Coral Reefs"
186,Groupers,Local Name 186,Visakhapatnam,Declining,Winter (Dec-Feb),"Freshwater rivers, Open Sea"
187,Pangasius Catfish,Local Name 187,Rameswaram Coast,Declining,Winter (Dec-Feb),"Rocky Reefs, Sandy Bottoms"
188,Sandperch,Local Name 188,Rameswaram Coast,Critically Endangered,Spring (Mar-Apr),"Coastal, Sandy Bottoms"
189,Bluefin Tuna,Local Name 189,Kochi,Endangered,Summer (May-Jul),"Sandy Bottoms, Estuaries"
190,Clown Fish,Local Name 190,Lakshadweep Sea,Moderate,Spring (Mar-Apr),"Brackish, Rocky Reefs"
191,Carp,Local Name 191,Lakshadweep Sea,Critically Endangered,Winter (Dec-Feb),"Brackish, Coastal"
192,Ribbon Fish,Local Name 192,Rameswaram Coast,Stable,Year-round,"Sandy Bottoms, Open Sea"
193,Chub,Local Name 193,Tamil Nadu Coast,Declining,Winter (Dec-Feb),"Rocky Reefs, Estuaries"
194,Clown Fish,Local Name 194,Gulf of Mannar,Common,Spring (Mar-Apr),"Freshwater rivers, Shallow Reefs"
195,Pike,Local Name 195,Kerala Backwaters,Stable,Monsoon (July-Sept),"Sandy Bottoms, Rocky Reefs"
196,Scorpion Fish,Local Name 196,Tamil Nadu Coast,Endangered,Monsoon (July-Sept),"Freshwater rivers, Shallow Reefs"
197,Blue Chromis,Local Name 197,Kanyakumari,Rare,Monsoon (July-Sept),"Mangroves, Coral Reefs"
198,Wrasse,Local Name 198,Mumbai Coast,Critically Endangered,Winter (Dec-Feb),"Coral Reefs, Brackish"
199,Bluespotted Ribbontail Ray,Local Name 199,Palk Strait,Critically Endangered,Year-round,"Sandy Bottoms, Shallow Reefs"
200,Giant Grouper,Local Name 200,West Bengal Coast,Endangered,Summer (May-Jul),"Sandy Bottoms, Mangroves"
201,Yellow Sea Bream,Local Name 201,West Bengal Coast,Rare,Summer (May-Jul),"Estuaries, Open Sea"
202,Sturgeon,Local Name 202,Kerala Backwaters,Stable,Year-round,"Estuaries, Sandy Bottoms"
203,Barramundi,Local Name 203,Kochi,Common,Winter (Dec-Feb),"Estuaries, Freshwater rivers"
204,Shovelnose Ray,Local Name 204,Andaman Islands,Rare,Spring (Mar-Apr),"Coastal, Mangroves"
205,Barracuda,Local Name 205,Palk Strait,Common,Spring (Mar-Apr),"Brackish, Shallow Reefs"
206,Wrasse,Local Name 206,"Sundarbans, West Bengal",Moderate,Monsoon (July-Sept),"Sandy Bottoms, Shallow Reefs"
207,Tilefish,Local Name 207,Gulf of Mannar,Moderate,Summer (May-Jul),"Freshwater rivers, Coral Reefs"
208,Sandperch,Local Name 208,Tamil Nadu Coast,Declining,Year-round,"Coral Reefs, Shallow Reefs"
209,Swordfish,Local Name 209,Odisha Coast,Declining,Monsoon (July-Sept),"Coastal, Freshwater rivers"
210,Pike,Local Name 210,Kochi,Declining,Summer (May-Jul),"Brackish, Open Sea"
211,Giant Grouper,Local Name 211,"Sundarbans, West Bengal",Moderate,Summer (May-Jul),"Open Sea, Coral Reefs"
212,Herring,Local Name 212,West Bengal Coast,Rare,Winter (Dec-Feb),"Mangroves, Rocky Reefs"
213,Bonito,Local Name 213,Palk Strait,Endangered,Spring (Mar-Apr),"Shallow Reefs, Estuaries"
214,Dory,Local Name 214,"Sundarbans, West Bengal",Rare,Winter (Dec-Feb),"Sandy Bottoms, Coastal"
215,Anchovy,Local Name 215,Andaman Islands,Critically Endangered,Year-round,"Coastal, Brackish"
216,Snapper,Local Name 216,Gulf of Mannar,Declining,Summer (May-Jul),"Estuaries, Open Sea"
217,Seahorse,Local Name 217,Tamil Nadu Coast,Common,Spring (Mar-Apr),"Coastal, Rocky Reefs"
218,Snapper,Local Name 218,Palk Strait,Moderate,Summer (May-Jul),"Open Sea, Open Sea"
219,Goby,Local Name 219,Andaman Islands,Moderate,Summer (May-Jul),"Coastal, Coastal"
220,Bluefin Tuna,Local Name 220,Palk Strait,Moderate,Summer (May-Jul),"Mangroves, Freshwater rivers"
221,Emperor Fish,Local Name 221,West Bengal Coast,Common,Monsoon (July-Sept),"Freshwater rivers, Open Sea"
222,Snappers,Local Name 222,"Sundarbans, West Bengal",Rare,Monsoon (July-Sept),"Estuaries, Shallow Reefs"
223,Silver Whiting,Local Name 223,Mumbai Coast,Rare,Year-round,"Estuaries, Freshwater rivers"
224,Groupers,Local Name 224,Lakshadweep Sea,Declining,Summer (May-Jul),"Rocky Reefs, Open Sea"
225,Barramundi,Local Name 225,Lakshadweep Sea,Critically Endangered,Year-round,"Open Sea, Sandy Bottoms"
226,Blue Chromis,Local Name 226,Odisha Coast,Rare,Year-round,"Mangroves, Mangroves"
227,Sturgeon,Local Name 227,Palk Strait,Rare,Spring (Mar-Apr),"Shallow Reefs, Coral Reefs"
228,Silver Whiting,Local Name 228,Rameswaram Coast,Stable,Spring (Mar-Apr),"Rocky Reefs, Freshwater rivers"
229,Mullet,Local Name 229,Tamil Nadu Coast,Moderate,Summer (May-Jul),"Rocky Reefs, Shallow Reefs"
230,Anchovy,Local Name 230,Kochi,Common,Summer (May-Jul),"Coastal, Rocky Reefs"
231,Blacktip Shark,Local Name 231,"Sundarbans, West Bengal",Common,Winter (Dec-Feb),"Shallow Reefs, Brackish"
232,Pangasius Catfish,Local Name 232,Palk Strait,Moderate,Spring (Mar-Apr),"Freshwater rivers, Estuaries"
233,Barramundi,Local Name 233,Palk Strait,Declining,Winter (Dec-Feb),"Estuaries, Shallow Reefs"
234,Tuna,Local Name 234,West Bengal Coast,Critically Endangered,Spring (Mar-Apr),"Freshwater rivers, Shallow Reefs"
235,Emperor Fish,Local Name 235,Rameswaram Coast,Common,Summer (May-Jul),"Rocky Reefs, Rocky Reefs"
236,Emperor Fish,Local Name 236,Palk Strait,Moderate,Summer (May-Jul),"Estuaries, Coral Reefs"
237,Barramundi,Local Name 237,Palk Strait,Declining,Spring (Mar-Apr),"Estuaries, Coastal"
238,Ribbon Fish,Local Name 238,Kochi,Endangered,Spring (Mar-Apr),"Freshwater rivers, Freshwater rivers"
239,Pufferfish,Local Name 239,West Bengal Coast,Common,Winter (Dec-Feb),"Mangroves, Mangroves"
240,Anchovy,Local Name 240,Bay of Bengal,Critically Endangered,Spring (Mar-Apr),"Mangroves, Mangroves"
241,Longcomb Sawfish,Local Name 241,Kochi,Common,Summer (May-Jul),"Coral Reefs, Freshwater rivers"
242,Sardine,Local Name 242,Odisha Coast,Moderate,Spring (Mar-Apr),"Mangroves, Coastal"
243,Hawkfish,Local Name 243,Lakshadweep Sea,Rare,Year-round,"Shallow Reefs, Coastal"
244,Swordfish,Local Name 244,Odisha Coast,Endangered,Spring (Mar-Apr),"Shallow Reefs, Sandy Bottoms"
245,Gobies,Local Name 245,Kerala Backwaters,Declining,Summer (May-Jul),"Shallow Reefs, Coral Reefs"
246,Wrasse,Local Name 246,Palk Strait,Endangered,Spring (Mar-Apr),"Mangroves, Sandy Bottoms"
247,Emperor Fish,Local Name 247,Goa,Rare,Summer (May-Jul),"Brackish, Rocky Reefs"
248,Gobies,Local Name 248,Goa,Critically Endangered,Spring (Mar-Apr),"Freshwater rivers, Estuaries"
249,Gobies,Local Name 249,Bay of Bengal,Endangered,Monsoon (July-Sept),"Mangroves, Brackish"
250,Nurse Shark,Local Name 250,Kanyakumari,Declining,Winter (Dec-Feb),"Open Sea, Brackish"
251,Anglerfish,Local Name 251,Visakhapatnam,Endangered,Winter (Dec-Feb),"Open Sea, Estuaries"
252,Anchovy,Local Name 252,Lakshadweep Sea,Moderate,Spring (Mar-Apr),"Open Sea, Mangroves"
253,Pomfret,Local Name 253,"Sundarbans, West Bengal",Common,Year-round,"Coastal, Freshwater rivers"
254,Pomfret,Local Name 254,Goa,Common,Winter (Dec-Feb),"Estuaries, Mangroves"
255,Mullet,Local Name 255,Lakshadweep Sea,Common,Year-round,"Mangroves, Estuaries"
256,Herring,Local Name 256,Visakhapatnam,Declining,Monsoon (July-Sept),"Coastal, Rocky Reefs"
257,Shovelnose Ray,Local Name 257,Rameswaram Coast,Rare,Spring (Mar-Apr),"Shallow Reefs, Brackish"
258,Trevally,Local Name 258,West Bengal Coast,Common,Year-round,"Coastal, Estuaries"
259,Hilsa,Local Name 259,Lakshadweep Sea,Endangered,Monsoon (July-Sept),"Coastal, Coastal"
260,Parrot Fish,Local Name 260,Gulf of Mannar,Stable,Winter (Dec-Feb),"Sandy Bottoms, Rocky Reefs"
261,Butterfly Fish,Local Name 261,Andaman Islands,Common,Year-round,"Coastal, Coral Reefs"
262,Mandarinfish,Local Name 262,Rameswaram Coast,Declining,Spring (Mar-Apr),"Coral Reefs, Estuaries"
263,Anchovy,Local Name 263,West Bengal Coast,Rare,Monsoon (July-Sept),"Coral Reefs, Coastal"
264,Blue Marlin,Local Name 264,Bay of Bengal,Rare,Spring (Mar-Apr),"Shallow Reefs, Coral Reefs"
265,Hawkfish,Local Name 265,Gulf of Mannar,Moderate,Winter (Dec-Feb),"Coral Reefs, Estuaries"
266,Pufferfish,Local Name 266,West Bengal Coast,Rare,Winter (Dec-Feb),"Brackish, Estuaries"
267,Anthias,Local Name 267,Rameswaram Coast,Critically Endangered,Summer (May-Jul),"Brackish, Sandy Bottoms"
268,Tilefish,Local Name 268,Andaman Islands,Rare,Winter (Dec-Feb),"Sandy Bottoms, Freshwater rivers"
269,Butterfly Fish,Local Name 269,Rameswaram Coast,Endangered,Summer (May-Jul),"Coral Reefs, Estuaries"
270,Blue Marlin,Local Name 270,Goa,Critically Endangered,Summer (May-Jul),"Rocky Reefs, Coastal"
271,Pike,Local Name 271,Rameswaram Coast,Stable,Winter (Dec-Feb),"Open Sea, Sandy Bottoms"
272,Pomfret,Local Name 272,Odisha Coast,Declining,Year-round,"Sandy Bottoms, Rocky Reefs"
273,Dory,Local Name 273,Palk Strait,Common,Year-round,"Shallow Reefs, Brackish"
274,Mackerel,Local Name 274,Kerala Backwaters,Declining,Year-round,"Estuaries, Sandy Bottoms"
275,Indo-Pacific King Mackerel,Local Name 275,"Sundarbans, West Bengal",Moderate,Summer (May-Jul),"Brackish, Rocky Reefs"
276,Anchovy,Local Name 276,Gulf of Mannar,Stable,Summer (May-Jul),"Open Sea, Open Sea"
277,Pomfret,Local Name 277,Gulf of Mannar,Critically Endangered,Winter (Dec-Feb),"Shallow Reefs, Rocky Reefs"
278,Anchovy,Local Name 278,West Bengal Coast,Common,Year-round,"Shallow Reefs, Mangroves"
279,Barracuda,Local Name 279,Gulf of Mannar,Endangered,Year-round,"Shallow Reefs, Brackish"
280,Carp,Local Name 280,Bay of Bengal,Rare,Year-round,"Rocky Reefs, Shallow Reefs"
281,Silver Whiting,Local Name 281,Goa,Common,Year-round,"Mangroves, Brackish"
282,Snappers,Local Name 282,Goa,Endangered,Winter (Dec-Feb),"Brackish, Rocky Reefs"
283,Carp,Local Name 283,West Bengal Coast,Common,Year-round,"Sandy Bottoms, Open Sea"
284,Chub,Local Name 284,Kerala Backwaters,Endangered,Spring (Mar-Apr),"Sandy Bottoms, Sandy Bottoms"
285,Mullet,Local Name 285,Odisha Coast,Declining,Winter (Dec-Feb),"Brackish, Coral Reefs"
286,Scorpion Fish,Local Name 286,Goa,Declining,Year-round,"Shallow Reefs, Sandy Bottoms"
287,Tuna,Local Name 287,Visakhapatnam,Declining,Summer (May-Jul),"Rocky Reefs, Shallow Reefs"
288,Barracuda,Local Name 288,Goa,Moderate,Year-round,"Shallow Reefs, Rocky Reefs"
289,Shovelnose Ray,Local Name 289,Visakhapatnam,Endangered,Year-round,"Open Sea, Mangroves"
290,Anchovy,Local Name 290,Rameswaram Coast,Moderate,Winter (Dec-Feb),"Coral Reefs, Rocky Reefs"
291,Tilefish,Local Name 291,Goa,Moderate,Year-round,"Open Sea, Freshwater rivers"
292,Blacktip Shark,Local Name 292,Mumbai Coast,Moderate,Monsoon (July-Sept),"Mangroves, Sandy Bottoms"
293,Mackerel,Local Name 293,Bay of Bengal,Rare,Monsoon (July-Sept),"Freshwater rivers, Coastal"
294,Grunt,Local Name 294,"Sundarbans, West Bengal",Common,Summer (May-Jul),"Estuaries, Brackish"
295,Ladyfish,Local Name 295,Kochi,Rare,Summer (May-Jul),"Shallow Reefs, Brackish"
296,Tilefish,Local Name 296,Tamil Nadu Coast,Common,Summer (May-Jul),"Brackish, Coral Reefs"
297,Yellow Sea Bream,Local Name 297,Odisha Coast,Common,Summer (May-Jul),"Shallow Reefs, Brackish"
298,Barramundi,Local Name 298,Rameswaram Coast,Endangered,Spring (Mar-Apr),"Freshwater rivers, Sandy Bottoms"
299,Bluefin Tuna,Local Name 299,Visakhapatnam,Endangered,Summer (May-Jul),"Rocky Reefs, Freshwater rivers"
300,Herring,Local Name 300,Bay of Bengal,Rare,Winter (Dec-Feb),"Freshwater rivers, Mangroves"
301,Anchovy,Local Name 301,"Sundarbans, West Bengal",Common,Winter (Dec-Feb),"Open Sea, Coral Reefs"
302,Silver Whiting,Local Name 302,Odisha Coast,Declining,Monsoon (July-Sept),"Mangroves, Mangroves"
303,Scorpion Fish,Local Name 303,Odisha Coast,Rare,Year-round,"Estuaries, Sandy Bottoms"
304,Pomfret,Local Name 304,Odisha Coast,Declining,Year-round,"Rocky Reefs, Coral Reefs"
305,Hawkfish,Local Name 305,Tamil Nadu Coast,Rare,Summer (May-Jul),"Coral Reefs, Coastal"
306,Trevally,Local Name 306,Gulf of Mannar,Common,Monsoon (July-Sept),"Mangroves, Mangroves"
307,Bream,Local Name 307,"Sundarbans, West Bengal",Declining,Winter (Dec-Feb),"Rocky Reefs, Mangroves"
308,Giant Grouper,Local Name 308,Bay of Bengal,Moderate,Summer (May-Jul),"Shallow Reefs, Sandy Bottoms"
309,Ladyfish,Local Name 309,Andaman Islands,Moderate,Spring (Mar-Apr),"Coastal, Coral Reefs"
310,Mahi-Mahi,Local Name 310,Rameswaram Coast,Common,Year-round,"Coastal, Mangroves"
311,Pufferfish,Local Name 311,Mumbai Coast,Stable,Year-round,"Sandy Bottoms, Shallow Reefs"
312,Bluespotted Ribbontail Ray,Local Name 312,Visakhapatnam,Declining,Winter (Dec-Feb),"Freshwater rivers, Freshwater rivers"
313,Anthias,Local Name 313,Odisha Coast,Critically Endangered,Winter (Dec-Feb),"Estuaries, Estuaries"
314,Ribbon Fish,Local Name 314,Kanyakumari,Moderate,Spring (Mar-Apr),"Rocky Reefs, Coastal"
315,Wrasse,Local Name 315,Rameswaram Coast,Stable,Year-round,"Shallow Reefs, Freshwater rivers"
316,Sardine,Local Name 316,Kochi,Declining,Monsoon (July-Sept),"Freshwater rivers, Brackish"
317,Trevally,Local Name 317,Kanyakumari,Common,Summer (May-Jul),"Rocky Reefs, Sandy Bottoms"
318,Anchovy,Local Name 318,Lakshadweep Sea,Common,Summer (May-Jul),"Freshwater rivers, Coral Reefs"
319,Mahi-Mahi,Local Name 319,Rameswaram Coast,Endangered,Year-round,"Shallow Reefs, Freshwater rivers"
320,Ladyfish,Local Name 320,Goa,Rare,Summer (May-Jul),"Estuaries, Coral Reefs"
321,Mullet,Local Name 321,Kanyakumari,Stable,Summer (May-Jul),"Mangroves, Coral Reefs"
322,Pike,Local Name 322,Mumbai Coast,Declining,Spring (Mar-Apr),"Shallow Reefs, Coral Reefs"
323,Sturgeon,Local Name 323,Lakshadweep Sea,Critically Endangered,Summer (May-Jul),"Brackish, Freshwater rivers"
324,Barracuda,Local Name 324,Odisha Coast,Endangered,Summer (May-Jul),"Mangroves, Mangroves"
325,Wrasse,Local Name 325,Bay of Bengal,Rare,Year-round,"Rocky Reefs, Coastal"
326,Gobies,Local Name 326,Bay of Bengal,Declining,Spring (Mar-Apr),"Mangroves, Estuaries"
327,Groupers,Local Name 327,Mumbai Coast,Endangered,Winter (Dec-Feb),"Mangroves, Brackish"
328,Bream,Local Name 328,Kochi,Critically Endangered,Winter (Dec-Feb),"Estuaries, Coastal"
329,Bombay Duck,Local Name 329,Tamil Nadu Coast,Stable,Year-round,"Coral Reefs, Coral Reefs"
330,Wrasse,Local Name 330,Kochi,Moderate,Monsoon (July-Sept),"Rocky Reefs, Coastal"
331,Nurse Shark,Local Name 331,Rameswaram Coast,Stable,Year-round,"Coral Reefs, Freshwater rivers"
332,Trout,Local Name 332,Gulf of Mannar,Rare,Spring (Mar-Apr),"Sandy Bottoms, Sandy Bottoms"
333,Mahi-Mahi,Local Name 333,Palk Strait,Stable,Summer (May-Jul),"Shallow Reefs, Mangroves"
334,Blue Marlin,Local Name 334,"Sundarbans, West Bengal",Common,Winter (Dec-Feb),"Mangroves, Coastal"
335,Blacktip Shark,Local Name 335,Kanyakumari,Stable,Winter (Dec-Feb),"Rocky Reefs, Coastal"
336,Grunt,Local Name 336,Bay of Bengal,Endangered,Spring (Mar-Apr),"Freshwater rivers, Shallow Reefs"
337,Parrot Fish,Local Name 337,Goa,Critically Endangered,Winter (Dec-Feb),"Shallow Reefs, Sandy Bottoms"
338,Snappers,Local Name 338,West Bengal Coast,Critically Endangered,Year-round,"Mangroves, Freshwater rivers"
339,Dory,Local Name 339,Rameswaram Coast,Declining,Year-round,"Open Sea, Coral Reefs"
340,Indo-Pacific King Mackerel,Local Name 340,Goa,Declining,Year-round,"Brackish, Coastal"
341,Herring,Local Name 341,Bay of Bengal,Stable,Year-round,"Brackish, Rocky Reefs"
342,Anthias,Local Name 342,"Sundarbans, West Bengal",Stable,Spring (Mar-Apr),"Coral Reefs, Estuaries"
343,Drum,Local Name 343,Tamil Nadu Coast,Common,Winter (Dec-Feb),"Freshwater rivers, Sandy Bottoms"
344,Moray Eel,Local Name 344,Kerala Backwaters,Declining,Year-round,"Coral Reefs, Rocky Reefs"
345,Gobies,Local Name 345,Kanyakumari,Common,Winter (Dec-Feb),"Mangroves, Rocky Reefs"
346,Trout,Local Name 346,"Sundarbans, West Bengal",Moderate,Winter (Dec-Feb),"Freshwater rivers, Mangroves"
347,Barramundi,Local Name 347,Goa,Declining,Spring (Mar-Apr),"Shallow Reefs, Estuaries"
348,Longcomb Sawfish,Local Name 348,Kerala Backwaters,Common,Winter (Dec-Feb),"Open Sea, Coral Reefs"
349,Snapper,Local Name 349,Gulf of Mannar,Declining,Summer (May-Jul),"Brackish, Shallow Reefs"
350,Drum,Local Name 350,Andaman Islands,Rare,Winter (Dec-Feb),"Freshwater rivers, Freshwater rivers"
351,Blue Chromis,Local Name 351,Lakshadweep Sea,Declining,Year-round,"Estuaries, Brackish"
352,Pangasius Catfish,Local Name 352,Kochi,Rare,Winter (Dec-Feb),"Sandy Bottoms, Coastal"
353,Bluespotted Ribbontail Ray,Local Name 353,West Bengal Coast,Critically Endangered,Spring (Mar-Apr),"Open Sea, Sandy Bottoms"
354,Seahorse,Local Name 354,Mumbai Coast,Endangered,Spring (Mar-Apr),"Coral Reefs, Brackish"
355,Carp,Local Name 355,Lakshadweep Sea,Stable,Monsoon (July-Sept),"Brackish, Coral Reefs"
356,Catfish,Local Name 356,Kerala Backwaters,Moderate,Spring (Mar-Apr),"Open Sea, Rocky Reefs"
357,Seahorse,Local Name 357,Lakshadweep Sea,Endangered,Monsoon (July-Sept),"Coastal, Estuaries"
358,Hilsa,Local Name 358,Bay of Bengal,Stable,Spring (Mar-Apr),"Freshwater rivers, Sandy Bottoms"
359,Swordfish,Local Name 359,Goa,Common,Winter (Dec-Feb),"Coastal, Freshwater rivers"
360,Pufferfish,Local Name 360,Gulf of Mannar,Moderate,Year-round,"Mangroves, Coastal"
361,Emperor Fish,Local Name 361,"Sundarbans, West Bengal",Rare,Winter (Dec-Feb),"Open Sea, Coastal"
362,Shovelnose Ray,Local Name 362,Mumbai Coast,Stable,Spring (Mar-Apr),"Coral Reefs, Brackish"
363,Shovelnose Ray,Local Name 363,Kanyakumari,Moderate,Year-round,"Sandy Bottoms, Rocky Reefs"
364,Blue Chromis,Local Name 364,Odisha Coast,Declining,Summer (May-Jul),"Coastal, Mangroves"
365,Parrot Fish,Local Name 365,Kochi,Moderate,Year-round,"Sandy Bottoms, Freshwater rivers"
366,Anthias,Local Name 366,West Bengal Coast,Rare,Winter (Dec-Feb),"Mangroves, Mangroves"
367,Snappers,Local Name 367,Tamil Nadu Coast,Common,Spring (Mar-Apr),"Rocky Reefs, Rocky Reefs"
368,Bonito,Local Name 368,Andaman Islands,Declining,Spring (Mar-Apr),"Open Sea, Shallow Reefs"
369,Tuna,Local Name 369,Andaman Islands,Critically Endangered,Year-round,"Freshwater rivers, Brackish"
370,Pufferfish,Local Name 370,Kochi,Common,Winter (Dec-Feb),"Open Sea, Coral Reefs"
371,Hawkfish,Local Name 371,Andaman Islands,Declining,Year-round,"Mangroves, Brackish"
372,Nurse Shark,Local Name 372,Gulf of Mannar,Moderate,Summer (May-Jul),"Mangroves, Sandy Bottoms"
373,Mullet,Local Name 373,"Sundarbans, West Bengal",Stable,Summer (May-Jul),"Estuaries, Mangroves"
374,Scorpion Fish,Local Name 374,Andaman Islands,Endangered,Summer (May-Jul),"Estuaries, Estuaries"
375,Surgeon Fish,Local Name 375,Lakshadweep Sea,Declining,Monsoon (July-Sept),"Shallow Reefs, Estuaries"
376,Mullet,Local Name 376,Kerala Backwaters,Common,Spring (Mar-Apr),"Coastal, Estuaries"
377,Anchovy,Local Name 377,Kerala Backwaters,Rare,Year-round,"Shallow Reefs, Mangroves"
378,Chub,Local Name 378,Andaman Islands,Endangered,Winter (Dec-Feb),"Sandy Bottoms, Estuaries"
379,Shovelnose Ray,Local Name 379,Kochi,Endangered,Summer (May-Jul),"Mangroves, Coral Reefs"
380,Seahorse,Local Name 380,Tamil Nadu Coast,Stable,Year-round,"Freshwater rivers, Coral Reefs"
381,Snappers,Local Name 381,Kerala Backwaters,Rare,Spring (Mar-Apr),"Coastal, Rocky Reefs"
382,Ladyfish,Local Name 382,Tamil Nadu Coast,Critically Endangered,Monsoon (July-Sept),"Brackish, Estuaries"
383,Tuna,Local Name 383,Lakshadweep Sea,Moderate,Winter (Dec-Feb),"Coral Reefs, Coral Reefs"
384,Anthias,Local Name 384,West Bengal Coast,Stable,Summer (May-Jul),"Mangroves, Shallow Reefs"
385,Lion Fish,Local Name 385,Tamil Nadu Coast,Rare,Year-round,"Open Sea, Mangroves"
386,Tilefish,Local Name 386,"Sundarbans, West Bengal",Critically Endangered,Winter (Dec-Feb),"Mangroves, Brackish"
387,Scorpion Fish,Local Name 387,Kochi,Moderate,Year-round,"Mangroves, Open Sea"
388,Barracuda,Local Name 388,Lakshadweep Sea,Common,Summer (May-Jul),"Brackish, Freshwater rivers"
389,Mullet,Local Name 389,Kochi,Declining,Winter (Dec-Feb),"Coastal, Coastal"
390,Nurse Shark,Local Name 390,Mumbai Coast,Common,Spring (Mar-Apr),"Mangroves, Mangroves"
391,Anchovy,Local Name 391,Kanyakumari,Declining,Winter (Dec-Feb),"Freshwater rivers, Brackish"
392,Tilefish,Local Name 392,Bay of Bengal,Rare,Year-round,"Shallow Reefs, Sandy Bottoms"
393,Butterfly Fish,Local Name 393,Odisha Coast,Common,Monsoon (July-Sept),"Estuaries, Coastal"
394,Giant Grouper,Local Name 394,West Bengal Coast,Critically Endangered,Winter (Dec-Feb),"Coral Reefs, Brackish"
395,Goby,Local Name 395,Mumbai Coast,Stable,Spring (Mar-Apr),"Rocky Reefs, Open Sea"
396,Anthias,Local Name 396,Lakshadweep Sea,Moderate,Spring (Mar-Apr),"Shallow Reefs, Coral Reefs"
397,Dory,Local Name 397,Lakshadweep Sea,Moderate,Monsoon (July-Sept),"Coral Reefs, Estuaries"
398,Bluespotted Ribbontail Ray,Local Name 398,Odisha Coast,Declining,Summer (May-Jul),"Shallow Reefs, Estuaries"
399,Tilapia,Local Name 399,Kochi,Common,Year-round,"Mangroves, Sandy Bottoms"
400,Drum,Local Name 400,Tamil Nadu Coast,Rare,Year-round,"Open Sea, Shallow Reefs"
401,Moray Eel,Local Name 401,Kanyakumari,Rare,Winter (Dec-Feb),"Brackish, Estuaries"
402,Drum,Local Name 402,Kochi,Rare,Summer (May-Jul),"Mangroves, Mangroves"
403,Bombay Duck,Local Name 403,Mumbai Coast,Declining,Spring (Mar-Apr),"Shallow Reefs, Coastal"
404,Mandarinfish,Local Name 404,Tamil Nadu Coast,Declining,Summer (May-Jul),"Rocky Reefs, Freshwater rivers"
405,Bluefin Tuna,Local Name 405,Tamil Nadu Coast,Endangered,Year-round,"Sandy Bottoms, Estuaries"
406,Indo-Pacific King Mackerel,Local Name 406,Goa,Endangered,Winter (Dec-Feb),"Brackish, Freshwater rivers"
407,Moray Eel,Local Name 407,Bay of Bengal,Common,Winter (Dec-Feb),"Coral Reefs, Rocky Reefs"
408,Chub,Local Name 408,Gulf of Mannar,Rare,Summer (May-Jul),"Freshwater rivers, Sandy Bottoms"
409,Indo-Pacific King Mackerel,Local Name 409,Odisha Coast,Common,Spring (Mar-Apr),"Open Sea, Coastal"
410,Herring,Local Name 410,Kanyakumari,Stable,Monsoon (July-Sept),"Freshwater rivers, Estuaries"
411,Giant Grouper,Local Name 411,Kerala Backwaters,Common,Winter (Dec-Feb),"Rocky Reefs, Brackish"
412,Pomfret,Local Name 412,"Sundarbans, West Bengal",Moderate,Winter (Dec-Feb),"Shallow Reefs, Coral Reefs"
413,Barramundi,Local Name 413,Andaman Islands,Critically Endangered,Year-round,"Coastal, Rocky Reefs"
414,Anthias,Local Name 414,Kanyakumari,Endangered,Monsoon (July-Sept),"Open Sea, Sandy Bottoms"
415,Groupers,Local Name 415,"Sundarbans, West Bengal",Critically Endangered,Summer (May-Jul),"Rocky Reefs, Coastal"
416,Eel,Local Name 416,Mumbai Coast,Common,Monsoon (July-Sept),"Coral Reefs, Rocky Reefs"
417,Trout,Local Name 417,Lakshadweep Sea,Moderate,Monsoon (July-Sept),"Rocky Reefs, Rocky Reefs"
418,Mackerel,Local Name 418,West Bengal Coast,Critically Endangered,Year-round,"Sandy Bottoms, Coastal"
419,Sandperch,Local Name 419,Mumbai Coast,Moderate,Summer (May-Jul),"Shallow Reefs, Estuaries"
420,Indo-Pacific King Mackerel,Local Name 420,Palk Strait,Common,Year-round,"Rocky Reefs, Open Sea"
421,Barracuda,Local Name 421,Kerala Backwaters,Rare,Spring (Mar-Apr),"Open Sea, Estuaries"
422,Bream,Local Name 422,Palk Strait,Endangered,Year-round,"Open Sea, Rocky Reefs"
423,Dory,Local Name 423,Tamil Nadu Coast,Moderate,Spring (Mar-Apr),"Shallow Reefs, Coral Reefs"
424,Parrot Fish,Local Name 424,"Sundarbans, West Bengal",Critically Endangered,Spring (Mar-Apr),"Coral Reefs, Estuaries"
425,Dory,Local Name 425,Goa,Rare,Spring (Mar-Apr),"Coastal, Estuaries"
426,Mackerel,Local Name 426,Palk Strait,Critically Endangered,Summer (May-Jul),"Open Sea, Brackish"
427,Bombay Duck,Local Name 427,Bay of Bengal,Critically Endangered,Winter (Dec-Feb),"Freshwater rivers, Sandy Bottoms"
428,Tilapia,Local Name 428,Kochi,Rare,Summer (May-Jul),"Mangroves, Rocky Reefs"
429,Indo-Pacific King Mackerel,Local Name 429,Visakhapatnam,Critically Endangered,Year-round,"Mangroves, Freshwater rivers"
430,Snappers,Local Name 430,Andaman Islands,Stable,Summer (May-Jul),"Freshwater rivers, Freshwater rivers"
431,Pike,Local Name 431,Odisha Coast,Critically Endangered,Winter (Dec-Feb),"Rocky Reefs, Open Sea"
432,Bream,Local Name 432,Rameswaram Coast,Stable,Spring (Mar-Apr),"Shallow Reefs, Estuaries"
433,Sandperch,Local Name 433,Lakshadweep Sea,Stable,Spring (Mar-Apr),"Coral Reefs, Shallow Reefs"
434,Sandperch,Local Name 434,Goa,Declining,Summer (May-Jul),"Rocky Reefs, Rocky Reefs"
435,Anchovy,Local Name 435,Gulf of Mannar,Endangered,Summer (May-Jul),"Freshwater rivers, Rocky Reefs"
436,Grunt,Local Name 436,Kochi,Moderate,Monsoon (July-Sept),"Mangroves, Sandy Bottoms"
437,Moray Eel,Local Name 437,Tamil Nadu Coast,Endangered,Year-round,"Coastal, Rocky Reefs"
438,Snapper,Local Name 438,Gulf of Mannar,Declining,Monsoon (July-Sept),"Sandy Bottoms, Mangroves"
439,Guitarfish,Local Name 439,Rameswaram Coast,Common,Winter (Dec-Feb),"Coastal, Mangroves"
440,Grunt,Local Name 440,Kerala Backwaters,Rare,Year-round,"Mangroves, Rocky Reefs"
441,Pike,Local Name 441,Kanyakumari,Declining,Winter (Dec-Feb),"Estuaries, Sandy Bottoms"
442,Catfish,Local Name 442,Andaman Islands,Common,Spring (Mar-Apr),"Shallow Reefs, Mangroves"
443,Chub,Local Name 443,Tamil Nadu Coast,Critically Endangered,Spring (Mar-Apr),"Brackish, Mangroves"
444,Anchovy,Local Name 444,Andaman Islands,Endangered,Winter (Dec-Feb),"Coastal, Freshwater rivers"
445,Hilsa,Local Name 445,"Sundarbans, West Bengal",Declining,Winter (Dec-Feb),"Brackish, Open Sea"
446,Tilapia,Local Name 446,Mumbai Coast,Critically Endangered,Spring (Mar-Apr),"Coastal, Mangroves"
447,Cod,Local Name 447,Bay of Bengal,Rare,Winter (Dec-Feb),"Open Sea, Estuaries"
448,Trevally,Local Name 448,Tamil Nadu Coast,Endangered,Monsoon (July-Sept),"Freshwater rivers, Estuaries"
449,Bombay Duck,Local Name 449,Kanyakumari,Stable,Summer (May-Jul),"Mangroves, Freshwater rivers"
450,Wrasse,Local Name 450,Rameswaram Coast,Endangered,Winter (Dec-Feb),"Mangroves, Rocky Reefs"
451,Ribbon Fish,Local Name 451,Palk Strait,Stable,Monsoon (July-Sept),"Mangroves, Shallow Reefs"
452,Pike,Local Name 452,"Sundarbans, West Bengal",Declining,Spring (Mar-Apr),"Shallow Reefs, Coastal"
453,Moray Eel,Local Name 453,Bay of Bengal,Declining,Winter (Dec-Feb),"Freshwater rivers, Coastal"
454,Barracuda,Local Name 454,Odisha Coast,Moderate,Year-round,"Mangroves, Coral Reefs"
455,Barracuda,Local Name 455,Rameswaram Coast,Moderate,Monsoon (July-Sept),"Sandy Bottoms, Freshwater rivers"
456,Mandarinfish,Local Name 456,Visakhapatnam,Stable,Monsoon (July-Sept),"Shallow Reefs, Coastal"
457,Sandperch,Local Name 457,Gulf of Mannar,Common,Winter (Dec-Feb),"Coastal, Coastal"
458,Bream,Local Name 458,"Sundarbans, West Bengal",Rare,Year-round,"Coral Reefs, Open Sea"
459,Sandperch,Local Name 459,"Sundarbans, West Bengal",Endangered,Summer (May-Jul),"Sandy Bottoms, Open Sea"
460,Pomfret,Local Name 460,Goa,Stable,Monsoon (July-Sept),"Sandy Bottoms, Mangroves"
461,Gobies,Local Name 461,Kanyakumari,Endangered,Summer (May-Jul),"Estuaries, Coral Reefs"
462,Anchovy,Local Name 462,Andaman Islands,Critically Endangered,Summer (May-Jul),"Estuaries, Brackish"
463,Longcomb Sawfish,Local Name 463,Andaman Islands,Rare,Winter (Dec-Feb),"Coastal, Estuaries"
464,Wrasse,Local Name 464,Kerala Backwaters,Critically Endangered,Summer (May-Jul),"Estuaries, Sandy Bottoms"
465,Bream,Local Name 465,Kanyakumari,Declining,Monsoon (July-Sept),"Estuaries, Rocky Reefs"
466,Bream,Local Name 466,Andaman Islands,Common,Winter (Dec-Feb),"Rocky Reefs, Estuaries"
467,Barramundi,Local Name 467,West Bengal Coast,Common,Monsoon (July-Sept),"Rocky Reefs, Rocky Reefs"
468,Tilapia,Local Name 468,Gulf of Mannar,Critically Endangered,Monsoon (July-Sept),"Brackish, Coastal"
469,Grunt,Local Name 469,Gulf of Mannar,Moderate,Year-round,"Sandy Bottoms, Rocky Reefs"
470,Goby,Local Name 470,Kerala Backwaters,Rare,Year-round,"Coral Reefs, Open Sea"
471,Anthias,Local Name 471,Palk Strait,Endangered,Year-round,"Coastal, Rocky Reefs"
472,Emperor Fish,Local Name 472,Kanyakumari,Moderate,Monsoon (July-Sept),"Rocky Reefs, Open Sea"
473,Clown Fish,Local Name 473,Kanyakumari,Critically Endangered,Summer (May-Jul),"Open Sea, Mangroves"
474,Cod,Local Name 474,"Sundarbans, West Bengal",Common,Spring (Mar-Apr),"Estuaries, Mangroves"
475,Blacktip Shark,Local Name 475,Goa,Critically Endangered,Summer (May-Jul),"Sandy Bottoms, Freshwater rivers"
476,Snappers,Local Name 476,Goa,Stable,Spring (Mar-Apr),"Open Sea, Estuaries"
477,Ribbon Fish,Local Name 477,Bay of Bengal,Common,Spring (Mar-Apr),"Mangroves, Sandy Bottoms"
478,Seahorse,Local Name 478,Bay of Bengal,Common,Year-round,"Coral Reefs, Brackish"
479,Blue Marlin,Local Name 479,Tamil Nadu Coast,Endangered,Summer (May-Jul),"Coastal, Freshwater rivers"
480,Mahi-Mahi,Local Name 480,Kanyakumari,Common,Winter (Dec-Feb),"Shallow Reefs, Mangroves"
481,Sardine,Local Name 481,Bay of Bengal,Critically Endangered,Summer (May-Jul),"Sandy Bottoms, Shallow Reefs"
482,Tuna,Local Name 482,Goa,Endangered,Winter (Dec-Feb),"Sandy Bottoms, Freshwater rivers"
483,Emperor Fish,Local Name 483,Visakhapatnam,Moderate,Winter (Dec-Feb),"Rocky Reefs, Open Sea"
484,Butterfly Fish,Local Name 484,West Bengal Coast,Moderate,Summer (May-Jul),"Coral Reefs, Rocky Reefs"
485,Indian Featherback,Local Name 485,Gulf of Mannar,Rare,Winter (Dec-Feb),"Freshwater rivers, Estuaries"
486,Butterfly Fish,Local Name 486,"Sundarbans, West Bengal",Endangered,Spring (Mar-Apr),"Mangroves, Open Sea"
487,Bombay Duck,Local Name 487,Tamil Nadu Coast,Critically Endangered,Monsoon (July-Sept),"Estuaries, Open Sea"
488,Longcomb Sawfish,Local Name 488,Tamil Nadu Coast,Rare,Summer (May-Jul),"Open Sea, Estuaries"
489,Guitarfish,Local Name 489,Andaman Islands,Stable,Monsoon (July-Sept),"Freshwater rivers, Shallow Reefs"
490,Silver Whiting,Local Name 490,Lakshadweep Sea,Critically Endangered,Spring (Mar-Apr),"Freshwater rivers, Open Sea"
491,Cod,Local Name 491,West Bengal Coast,Moderate,Winter (Dec-Feb),"Shallow Reefs, Sandy Bottoms"
492,Tilefish,Local Name 492,West Bengal Coast,Moderate,Spring (Mar-Apr),"Sandy Bottoms, Coral Reefs"
493,Giant Grouper,Local Name 493,Gulf of Mannar,Moderate,Year-round,"Shallow Reefs, Mangroves"
494,Mackerel,Local Name 494,Rameswaram Coast,Stable,Spring (Mar-Apr),"Mangroves, Open Sea"
495,Bonito,Local Name 495,West Bengal Coast,Stable,Winter (Dec-Feb),"Estuaries, Coral Reefs"
496,Shovelnose Ray,Local Name 496,Kanyakumari,Endangered,Year-round,"Coastal, Rocky Reefs"
497,Scorpion Fish,Local Name 497,"Sundarbans, West Bengal",Common,Summer (May-Jul),"Estuaries, Shallow Reefs"
498,Seahorse,Local Name 498,Andaman Islands,Rare,Winter (Dec-Feb),"Rocky Reefs, Mangroves"
499,Butterfly Fish,Local Name 499,West Bengal Coast,Endangered,Monsoon (July-Sept),"Coral Reefs, Open Sea"
500,Guitarfish,Local Name 500,Tamil Nadu Coast,Declining,Spring (Mar-Apr),"Brackish, Shallow Reefs"
501,Anthias,Local Name 501,Odisha Coast,Declining,Summer (May-Jul),"Coral Reefs, Estuaries"
502,Emperor Fish,Local Name 502,Mumbai Coast,Critically Endangered,Monsoon (July-Sept),"Open Sea, Open Sea"
503,Tilefish,Local Name 503,Goa,Rare,Year-round,"Coastal, Sandy Bottoms"
504,Catfish,Local Name 504,Gulf of Mannar,Declining,Summer (May-Jul),"Brackish, Freshwater rivers"
505,Pufferfish,Local Name 505,Lakshadweep Sea,Moderate,Summer (May-Jul),"Estuaries, Freshwater rivers"
506,Mahi-Mahi,Local Name 506,West Bengal Coast,Common,Summer (May-Jul),"Freshwater rivers, Sandy Bottoms"
507,Anglerfish,Local Name 507,Mumbai Coast,Moderate,Monsoon (July-Sept),"Brackish, Brackish"
508,Ribbon Fish,Local Name 508,Bay of Bengal,Endangered,Monsoon (July-Sept),"Coral Reefs, Brackish"
509,Silver Whiting,Local Name 509,Andaman Islands,Stable,Year-round,"Open Sea, Open Sea"
510,Barramundi,Local Name 510,Lakshadweep Sea,Stable,Spring (Mar-Apr),"Sandy Bottoms, Estuaries"
511,Indian Featherback,Local Name 511,Rameswaram Coast,Common,Winter (Dec-Feb),"Coral Reefs, Freshwater rivers"
512,Drum,Local Name 512,Gulf of Mannar,Moderate,Winter (Dec-Feb),"Coral Reefs, Sandy Bottoms"
513,Blue Chromis,Local Name 513,Kanyakumari,Endangered,Year-round,"Coral Reefs, Mangroves"
514,Butterfly Fish,Local Name 514,Rameswaram Coast,Common,Spring (Mar-Apr),"Mangroves, Sandy Bottoms"
515,Mackerel,Local Name 515,Goa,Declining,Monsoon (July-Sept),"Open Sea, Open Sea"
516,Indian Featherback,Local Name 516,Mumbai Coast,Moderate,Winter (Dec-Feb),"Shallow Reefs, Coral Reefs"
517,Shovelnose Ray,Local Name 517,Visakhapatnam,Stable,Year-round,"Open Sea, Shallow Reefs"
518,Silver Whiting,Local Name 518,"Sundarbans, West Bengal",Common,Winter (Dec-Feb),"Estuaries, Estuaries"
519,Blue Marlin,Local Name 519,Lakshadweep Sea,Rare,Summer (May-Jul),"Freshwater rivers, Mangroves"
520,Hawkfish,Local Name 520,Bay of Bengal,Declining,Monsoon (July-Sept),"Open Sea, Freshwater rivers"
521,Mandarinfish,Local Name 521,Tamil Nadu Coast,Declining,Year-round,"Shallow Reefs, Coral Reefs"
522,Emperor Fish,Local Name 522,West Bengal Coast,Declining,Monsoon (July-Sept),"Sandy Bottoms, Mangroves"
523,Grunt,Local Name 523,Goa,Rare,Monsoon (July-Sept),"Coral Reefs, Coral Reefs"
524,Sardine,Local Name 524,Tamil Nadu Coast,Declining,Spring (Mar-Apr),"Rocky Reefs, Coastal"
525,Grunt,Local Name 525,Bay of Bengal,Stable,Monsoon (July-Sept),"Freshwater rivers, Coastal"
526,Indian Featherback,Local Name 526,West Bengal Coast,Endangered,Spring (Mar-Apr),"Estuaries, Shallow Reefs"
527,Pike,Local Name 527,West Bengal Coast,Critically Endangered,Summer (May-Jul),"Estuaries, Estuaries"
528,Parrot Fish,Local Name 528,Kanyakumari,Declining,Year-round,"Coastal, Coastal"
529,Sandperch,Local Name 529,Palk Strait,Declining,Spring (Mar-Apr),"Sandy Bottoms, Brackish"
530,Indo-Pacific King Mackerel,Local Name 530,Visakhapatnam,Moderate,Year-round,"Rocky Reefs, Sandy Bottoms"
531,Bluespotted Ribbontail Ray,Local Name 531,Goa,Rare,Summer (May-Jul),"Estuaries, Brackish"
532,Sturgeon,Local Name 532,"Sundarbans, West Bengal",Rare,Winter (Dec-Feb),"Shallow Reefs, Sandy Bottoms"
533,Sturgeon,Local Name 533,Bay of Bengal,Stable,Summer (May-Jul),"Freshwater rivers, Coastal"
534,Hawkfish,Local Name 534,Kochi,Moderate,Winter (Dec-Feb),"Shallow Reefs, Open Sea"
535,Guitarfish,Local Name 535,Kochi,Moderate,Summer (May-Jul),"Mangroves, Coral Reefs"
536,Nurse Shark,Local Name 536,Goa,Stable,Summer (May-Jul),"Mangroves, Freshwater rivers"
537,Snapper,Local Name 537,Lakshadweep Sea,Rare,Winter (Dec-Feb),"Rocky Reefs, Coastal"
538,Barramundi,Local Name 538,Kochi,Rare,Winter (Dec-Feb),"Brackish, Shallow Reefs"
539,Nurse Shark,Local Name 539,Bay of Bengal,Critically Endangered,Winter (Dec-Feb),"Coastal, Rocky Reefs"
540,Shovelnose Ray,Local Name 540,Kerala Backwaters,Endangered,Summer (May-Jul),"Shallow Reefs, Brackish"
541,Mackerel,Local Name 541,Rameswaram Coast,Common,Winter (Dec-Feb),"Mangroves, Coral Reefs"
542,Snappers,Local Name 542,Kerala Backwaters,Rare,Year-round,"Open Sea, Coastal"
543,Blue Chromis,Local Name 543,"Sundarbans, West Bengal",Critically Endangered,Winter (Dec-Feb),"Open Sea, Mangroves"
544,Sandperch,Local Name 544,Kanyakumari,Rare,Spring (Mar-Apr),"Shallow Reefs, Sandy Bottoms"
545,Moray Eel,Local Name 545,Andaman Islands,Moderate,Winter (Dec-Feb),"Open Sea, Mangroves"
546,Herring,Local Name 546,Lakshadweep Sea,Moderate,Year-round,"Mangroves, Estuaries"
547,Lion Fish,Local Name 547,"Sundarbans, West Bengal",Rare,Monsoon (July-Sept),"Mangroves, Estuaries"
548,Swordfish,Local Name 548,Lakshadweep Sea,Moderate,Year-round,"Brackish, Mangroves"
549,Tuna,Local Name 549,West Bengal Coast,Endangered,Spring (Mar-Apr),"Rocky Reefs, Mangroves"
550,Bonito,Local Name 550,Tamil Nadu Coast,Stable,Monsoon (July-Sept),"Sandy Bottoms, Open Sea"
551,Sturgeon,Local Name 551,Lakshadweep Sea,Stable,Spring (Mar-Apr),"Mangroves, Rocky Reefs"
552,Sturgeon,Local Name 552,Bay of Bengal,Endangered,Winter (Dec-Feb),"Sandy Bottoms, Rocky Reefs"
553,Blue Marlin,Local Name 553,West Bengal Coast,Moderate,Spring (Mar-Apr),"Shallow Reefs, Coral Reefs"
554,Catfish,Local Name 554,Lakshadweep Sea,Rare,Year-round,"Sandy Bottoms, Freshwater rivers"
555,Chub,Local Name 555,Rameswaram Coast,Stable,Summer (May-Jul),"Coastal, Coral Reefs"
556,Blue Chromis,Local Name 556,Palk Strait,Declining,Winter (Dec-Feb),"Freshwater rivers, Sandy Bottoms"
557,Moray Eel,Local Name 557,Kerala Backwaters,Rare,Spring (Mar-Apr),"Rocky Reefs, Coral Reefs"
558,Drum,Local Name 558,Palk Strait,Stable,Summer (May-Jul),"Brackish, Open Sea"
559,Drum,Local Name 559,Visakhapatnam,Declining,Year-round,"Coastal, Shallow Reefs"
560,Surgeon Fish,Local Name 560,Andaman Islands,Rare,Summer (May-Jul),"Shallow Reefs, Estuaries"
561,Snappers,Local Name 561,Mumbai Coast,Moderate,Year-round,"Rocky Reefs, Mangroves"
562,Eel,Local Name 562,Kochi,Critically Endangered,Summer (May-Jul),"Shallow Reefs, Sandy Bottoms"
563,Mahi-Mahi,Local Name 563,Rameswaram Coast,Moderate,Year-round,"Mangroves, Freshwater rivers"
564,Pomfret,Local Name 564,Rameswaram Coast,Declining,Winter (Dec-Feb),"Rocky Reefs, Estuaries"
565,Mahi-Mahi,Local Name 565,Gulf of Mannar,Common,Monsoon (July-Sept),"Mangroves, Freshwater rivers"
566,Catfish,Local Name 566,Visakhapatnam,Endangered,Winter (Dec-Feb),"Sandy Bottoms, Shallow Reefs"
567,Hawkfish,Local Name 567,Gulf of Mannar,Stable,Spring (Mar-Apr),"Rocky Reefs, Brackish"
568,Ladyfish,Local Name 568,Kanyakumari,Rare,Winter (Dec-Feb),"Coral Reefs, Brackish"
569,Herring,Local Name 569,"Sundarbans, West Bengal",Endangered,Winter (Dec-Feb),"Brackish, Freshwater rivers"
570,Scorpion Fish,Local Name 570,Andaman Islands,Moderate,Summer (May-Jul),"Coastal, Freshwater rivers"
571,Hawkfish,Local Name 571,West Bengal Coast,Stable,Year-round,"Coastal, Coral Reefs"
572,Scorpion Fish,Local Name 572,Tamil Nadu Coast,Declining,Winter (Dec-Feb),"Shallow Reefs, Mangroves"
573,Sandperch,Local Name 573,Lakshadweep Sea,Moderate,Winter (Dec-Feb),"Shallow Reefs, Coastal"
574,Tuna,Local Name 574,"Sundarbans, West Bengal",Stable,Monsoon (July-Sept),"Mangroves, Brackish"
575,Goby,Local Name 575,Andaman Islands,Critically Endangered,Monsoon (July-Sept),"Rocky Reefs, Shallow Reefs"
576,Butterfly Fish,Local Name 576,Palk Strait,Moderate,Winter (Dec-Feb),"Rocky Reefs, Freshwater rivers"
577,Guitarfish,Local Name 577,Odisha Coast,Critically Endangered,Summer (May-Jul),"Sandy Bottoms, Brackish"
578,Mackerel,Local Name 578,Visakhapatnam,Rare,Winter (Dec-Feb),"Brackish, Open Sea"
579,Gobies,Local Name 579,Kochi,Declining,Summer (May-Jul),"Sandy Bottoms, Shallow Reefs"
580,Herring,Local Name 580,Tamil Nadu Coast,Declining,Year-round,"Shallow Reefs, Estuaries"
581,Blue Marlin,Local Name 581,Odisha Coast,Declining,Winter (Dec-Feb),"Estuaries, Estuaries"
582,Nurse Shark,Local Name 582,Palk Strait,Stable,Monsoon (July-Sept),"Sandy Bottoms, Shallow Reefs"
583,Silver Whiting,Local Name 583,Mumbai Coast,Rare,Winter (Dec-Feb),"Open Sea, Freshwater rivers"
584,Dory,Local Name 584,Palk Strait,Endangered,Year-round,"Shallow Reefs, Open Sea"
585,Bonito,Local Name 585,Lakshadweep Sea,Common,Monsoon (July-Sept),"Freshwater rivers, Sandy Bottoms"
586,Pangasius Catfish,Local Name 586,Bay of Bengal,Stable,Winter (Dec-Feb),"Mangroves, Estuaries"
587,Trout,Local Name 587,Odisha Coast,Critically Endangered,Summer (May-Jul),"Open Sea, Coastal"
588,Trevally,Local Name 588,Odisha Coast,Stable,Winter (Dec-Feb),"Rocky Reefs, Rocky Reefs"
589,Longcomb Sawfish,Local Name 589,Gulf of Mannar,Endangered,Spring (Mar-Apr),"Coastal, Mangroves"
590,Parrot Fish,Local Name 590,Palk Strait,Declining,Year-round,"Sandy Bottoms, Estuaries"
591,Bluefin Tuna,Local Name 591,Goa,Endangered,Spring (Mar-Apr),"Sandy Bottoms, Mangroves"
592,Anchovy,Local Name 592,Gulf of Mannar,Endangered,Monsoon (July-Sept),"Shallow Reefs, Mangroves"
593,Silver Whiting,Local Name 593,Rameswaram Coast,Moderate,Spring (Mar-Apr),"Freshwater rivers, Shallow Reefs"
594,Longcomb Sawfish,Local Name 594,West Bengal Coast,Declining,Monsoon (July-Sept),"Coastal, Open Sea"
595,Lion Fish,Local Name 595,Bay of Bengal,Endangered,Monsoon (July-Sept),"Brackish, Open Sea"
596,Anchovy,Local Name 596,Tamil Nadu Coast,Moderate,Winter (Dec-Feb),"Rocky Reefs, Coastal"
597,Mandarinfish,Local Name 597,"Sundarbans, West Bengal",Endangered,Winter (Dec-Feb),"Coral Reefs, Rocky Reefs"
598,Guitarfish,Local Name 598,Kerala Backwaters,Critically Endangered,Summer (May-Jul),"Freshwater rivers, Shallow Reefs"
599,Shovelnose Ray,Local Name 599,Kanyakumari,Stable,Winter (Dec-Feb),"Freshwater rivers, Coastal"
600,Longcomb Sawfish,Local Name 600,Goa,Endangered,Summer (May-Jul),"Mangroves, Coastal"
601,Hawkfish,Local Name 601,Bay of Bengal,Moderate,Year-round,"Coral Reefs, Shallow Reefs"
602,Silver Whiting,Local Name 602,Lakshadweep Sea,Endangered,Year-round,"Estuaries, Brackish"
603,Barramundi,Local Name 603,Lakshadweep Sea,Rare,Monsoon (July-Sept),"Estuaries, Rocky Reefs"
604,Catfish,Local Name 604,Palk Strait,Moderate,Summer (May-Jul),"Freshwater rivers, Sandy Bottoms"
605,Bluefin Tuna,Local Name 605,Tamil Nadu Coast,Declining,Spring (Mar-Apr),"Sandy Bottoms, Coral Reefs"
606,Dory,Local Name 606,Rameswaram Coast,Rare,Winter (Dec-Feb),"Coral Reefs, Estuaries"
607,Blacktip Shark,Local Name 607,Odisha Coast,Moderate,Summer (May-Jul),"Brackish, Brackish"
608,Shovelnose Ray,Local Name 608,Tamil Nadu Coast,Moderate,Summer (May-Jul),"Freshwater rivers, Mangroves"
609,Snapper,Local Name 609,Goa,Stable,Year-round,"Coral Reefs, Open Sea"
610,Mandarinfish,Local Name 610,Visakhapatnam,Stable,Winter (Dec-Feb),"Freshwater rivers, Coral Reefs"
611,Trevally,Local Name 611,"Sundarbans, West Bengal",Stable,Monsoon (July-Sept),"Coastal, Estuaries"
612,Longcomb Sawfish,Local Name 612,Odisha Coast,Declining,Summer (May-Jul),"Open Sea, Coral Reefs"
613,Swordfish,Local Name 613,Kochi,Moderate,Monsoon (July-Sept),"Sandy Bottoms, Brackish"
614,Tilefish,Local Name 614,Bay of Bengal,Moderate,Monsoon (July-Sept),"Estuaries, Estuaries"
615,Anglerfish,Local Name 615,West Bengal Coast,Declining,Monsoon (July-Sept),"Rocky Reefs, Brackish"
616,Barramundi,Local Name 616,Kerala Backwaters,Critically Endangered,Summer (May-Jul),"Coral Reefs, Rocky Reefs"
617,Blue Chromis,Local Name 617,Palk Strait,Stable,Monsoon (July-Sept),"Rocky Reefs, Estuaries"
618,Silver Whiting,Local Name 618,"Sundarbans, West Bengal",Critically Endangered,Summer (May-Jul),"Freshwater rivers, Estuaries"
619,Barracuda,Local Name 619,Goa,Moderate,Year-round,"Sandy Bottoms, Sandy Bottoms"
620,Emperor Fish,Local Name 620,Odisha Coast,Stable,Year-round,"Brackish, Brackish"
621,Longcomb Sawfish,Local Name 621,Visakhapatnam,Rare,Monsoon (July-Sept),"Sandy Bottoms, Coastal"
622,Mahi-Mahi,Local Name 622,Odisha Coast,Rare,Summer (May-Jul),"Freshwater rivers, Coral Reefs"
623,Mahi-Mahi,Local Name 623,Visakhapatnam,Moderate,Year-round,"Open Sea, Estuaries"
624,Barramundi,Local Name 624,Mumbai Coast,Endangered,Winter (Dec-Feb),"Open Sea, Brackish"
625,Snapper,Local Name 625,Kerala Backwaters,Critically Endangered,Summer (May-Jul),"Brackish, Rocky Reefs"
626,Hawkfish,Local Name 626,Tamil Nadu Coast,Declining,Winter (Dec-Feb),"Mangroves, Coral Reefs"
627,Tilapia,Local Name 627,Kerala Backwaters,Common,Winter (Dec-Feb),"Coastal, Open Sea"
628,Yellow Sea Bream,Local Name 628,Mumbai Coast,Common,Winter (Dec-Feb),"Brackish, Shallow Reefs"
629,Blacktip Shark,Local Name 629,Bay of Bengal,Endangered,Monsoon (July-Sept),"Coral Reefs, Freshwater rivers"
630,Moray Eel,Local Name 630,"Sundarbans, West Bengal",Moderate,Spring (Mar-Apr),"Coastal, Sandy Bottoms"
631,Hawkfish,Local Name 631,Bay of Bengal,Rare,Summer (May-Jul),"Estuaries, Coastal"
632,Shovelnose Ray,Local Name 632,Tamil Nadu Coast,Moderate,Summer (May-Jul),"Freshwater rivers, Freshwater rivers"
633,Pangasius Catfish,Local Name 633,Visakhapatnam,Declining,Year-round,"Open Sea, Mangroves"
634,Mahi-Mahi,Local Name 634,Rameswaram Coast,Common,Summer (May-Jul),"Sandy Bottoms, Open Sea"
635,Herring,Local Name 635,"Sundarbans, West Bengal",Declining,Spring (Mar-Apr),"Estuaries, Open Sea"
636,Silver Whiting,Local Name 636,Goa,Moderate,Spring (Mar-Apr),"Brackish, Coastal"
637,Surgeon Fish,Local Name 637,Rameswaram Coast,Critically Endangered,Summer (May-Jul),"Open Sea, Open Sea"
638,Ribbon Fish,Local Name 638,Visakhapatnam,Stable,Monsoon (July-Sept),"Open Sea, Rocky Reefs"
639,Pomfret,Local Name 639,Odisha Coast,Stable,Monsoon (July-Sept),"Coral Reefs, Estuaries"
640,Surgeon Fish,Local Name 640,Gulf of Mannar,Moderate,Monsoon (July-Sept),"Shallow Reefs, Estuaries"
641,Goby,Local Name 641,"Sundarbans, West Bengal",Rare,Summer (May-Jul),"Shallow Reefs, Open Sea"
642,Trout,Local Name 642,Tamil Nadu Coast,Rare,Summer (May-Jul),"Coastal, Mangroves"
643,Grunt,Local Name 643,Mumbai Coast,Endangered,Spring (Mar-Apr),"Estuaries, Estuaries"
644,Swordfish,Local Name 644,Kanyakumari,Critically Endangered,Winter (Dec-Feb),"Open Sea, Rocky Reefs"
645,Seahorse,Local Name 645,Bay of Bengal,Rare,Summer (May-Jul),"Brackish, Mangroves"
646,Anglerfish,Local Name 646,Andaman Islands,Moderate,Monsoon (July-Sept),"Open Sea, Rocky Reefs"
647,Mullet,Local Name 647,Lakshadweep Sea,Common,Spring (Mar-Apr),"Coral Reefs, Coral Reefs"
648,Bonito,Local Name 648,Kanyakumari,Declining,Year-round,"Coastal, Sandy Bottoms"
649,Anglerfish,Local Name 649,Visakhapatnam,Critically Endangered,Winter (Dec-Feb),"Coral Reefs, Open Sea"
650,Anchovy,Local Name 650,Bay of Bengal,Declining,Spring (Mar-Apr),"Brackish, Brackish"
651,Yellow Sea Bream,Local Name 651,Gulf of Mannar,Declining,Spring (Mar-Apr),"Coastal, Open Sea"
652,Clown Fish,Local Name 652,Visakhapatnam,Rare,Summer (May-Jul),"Coral Reefs, Coral Reefs"
653,Ribbon Fish,Local Name 653,Mumbai Coast,Rare,Summer (May-Jul),"Brackish, Open Sea"
654,Wrasse,Local Name 654,Bay of Bengal,Critically Endangered,Monsoon (July-Sept),"Estuaries, Mangroves"
655,Parrot Fish,Local Name 655,"Sundarbans, West Bengal",Stable,Year-round,"Open Sea, Sandy Bottoms"
656,Butterfly Fish,Local Name 656,Lakshadweep Sea,Critically Endangered,Monsoon (July-Sept),"Sandy Bottoms, Estuaries"
657,Herring,Local Name 657,Goa,Stable,Summer (May-Jul),"Sandy Bottoms, Open Sea"
658,Blue Marlin,Local Name 658,West Bengal Coast,Endangered,Monsoon (July-Sept),"Sandy Bottoms, Coral Reefs"
659,Groupers,Local Name 659,Gulf of Mannar,Stable,Monsoon (July-Sept),"Shallow Reefs, Coastal"
660,Longcomb Sawfish,Local Name 660,Odisha Coast,Rare,Year-round,"Mangroves, Freshwater rivers"
661,Barramundi,Local Name 661,West Bengal Coast,Endangered,Summer (May-Jul),"Shallow Reefs, Open Sea"
662,Clown Fish,Local Name 662,Goa,Endangered,Summer (May-Jul),"Shallow Reefs, Shallow Reefs"
663,Tilapia,Local Name 663,Kochi,Endangered,Year-round,"Mangroves, Mangroves"
664,Butterfly Fish,Local Name 664,Gulf of Mannar,Critically Endangered,Spring (Mar-Apr),"Rocky Reefs, Mangroves"
665,Dory,Local Name 665,Palk Strait,Declining,Summer (May-Jul),"Freshwater rivers, Coastal"
666,Chub,Local Name 666,Visakhapatnam,Rare,Spring (Mar-Apr),"Open Sea, Freshwater rivers"
667,Ladyfish,Local Name 667,Kochi,Critically Endangered,Summer (May-Jul),"Shallow Reefs, Sandy Bottoms"
668,Indian Featherback,Local Name 668,Goa,Rare,Year-round,"Coral Reefs, Coral Reefs"
669,Sturgeon,Local Name 669,Rameswaram Coast,Declining,Year-round,"Brackish, Freshwater rivers"
670,Longcomb Sawfish,Local Name 670,West Bengal Coast,Stable,Summer (May-Jul),"Shallow Reefs, Sandy Bottoms"
671,Parrot Fish,Local Name 671,Lakshadweep Sea,Endangered,Year-round,"Mangroves, Sandy Bottoms"
672,Blue Marlin,Local Name 672,Rameswaram Coast,Critically Endangered,Year-round,"Open Sea, Estuaries"
673,Pufferfish,Local Name 673,Andaman Islands,Stable,Year-round,"Freshwater rivers, Sandy Bottoms"
674,Pangasius Catfish,Local Name 674,"Sundarbans, West Bengal",Endangered,Spring (Mar-Apr),"Coastal, Coral Reefs"
675,Blue Chromis,Local Name 675,Visakhapatnam,Common,Winter (Dec-Feb),"Mangroves, Sandy Bottoms"
676,Indo-Pacific King Mackerel,Local Name 676,Kerala Backwaters,Declining,Winter (Dec-Feb),"Brackish, Coral Reefs"
677,Grunt,Local Name 677,Kanyakumari,Common,Year-round,"Sandy Bottoms, Estuaries"
678,Tuna,Local Name 678,Mumbai Coast,Moderate,Winter (Dec-Feb),"Sandy Bottoms, Open Sea"
679,Anchovy,Local Name 679,Goa,Moderate,Winter (Dec-Feb),"Mangroves, Sandy Bottoms"
680,Bluespotted Ribbontail Ray,Local Name 680,Andaman Islands,Rare,Monsoon (July-Sept),"Coastal, Rocky Reefs"
681,Barracuda,Local Name 681,Palk Strait,Moderate,Year-round,"Brackish, Estuaries"
682,Anglerfish,Local Name 682,Mumbai Coast,Rare,Summer (May-Jul),"Shallow Reefs, Estuaries"
683,Longcomb Sawfish,Local Name 683,Kerala Backwaters,Endangered,Year-round,"Brackish, Open Sea"
684,Sardine,Local Name 684,"Sundarbans, West Bengal",Declining,Winter (Dec-Feb),"Mangroves, Coastal"
685,Snappers,Local Name 685,Visakhapatnam,Rare,Winter (Dec-Feb),"Rocky Reefs, Coastal"
686,Guitarfish,Local Name 686,Rameswaram Coast,Rare,Year-round,"Coastal, Shallow Reefs"
687,Carp,Local Name 687,West Bengal Coast,Rare,Year-round,"Estuaries, Freshwater rivers"
688,Tuna,Local Name 688,Lakshadweep Sea,Critically Endangered,Monsoon (July-Sept),"Coastal, Freshwater rivers"
689,Swordfish,Local Name 689,Andaman Islands,Rare,Winter (Dec-Feb),"Estuaries, Coral Reefs"
690,Blacktip Shark,Local Name 690,Kochi,Stable,Year-round,"Coral Reefs, Estuaries"
691,Indian Featherback,Local Name 691,Visakhapatnam,Common,Summer (May-Jul),"Coral Reefs, Mangroves"
692,Shovelnose Ray,Local Name 692,Kochi,Common,Monsoon (July-Sept),"Shallow Reefs, Estuaries"
693,Cod,Local Name 693,Visakhapatnam,Declining,Winter (Dec-Feb),"Rocky Reefs, Rocky Reefs"
694,Anchovy,Local Name 694,West Bengal Coast,Declining,Winter (Dec-Feb),"Sandy Bottoms, Coastal"
695,Barramundi,Local Name 695,Kochi,Endangered,Summer (May-Jul),"Sandy Bottoms, Coastal"
696,Blue Marlin,Local Name 696,Rameswaram Coast,Rare,Year-round,"Mangroves, Freshwater rivers"
697,Blue Marlin,Local Name 697,"Sundarbans, West Bengal",Common,Year-round,"Sandy Bottoms, Estuaries"
698,Groupers,Local Name 698,Kerala Backwaters,Critically Endangered,Winter (Dec-Feb),"Coastal, Coral Reefs"
699,Tuna,Local Name 699,West Bengal Coast,Common,Spring (Mar-Apr),"Estuaries, Shallow Reefs"
700,Chub,Local Name 700,Tamil Nadu Coast,Rare,Monsoon (July-Sept),"Coral Reefs, Sandy Bottoms"
701,Blacktip Shark,Local Name 701,Mumbai Coast,Critically Endangered,Winter (Dec-Feb),"Open Sea, Rocky Reefs"
702,Blacktip Shark,Local Name 702,Rameswaram Coast,Critically Endangered,Winter (Dec-Feb),"Open Sea, Coral Reefs"
703,Swordfish,Local Name 703,Kerala Backwaters,Critically Endangered,Year-round,"Brackish, Mangroves"
704,Drum,Local Name 704,Goa,Declining,Year-round,"Coastal, Freshwater rivers"
705,Emperor Fish,Local Name 705,Kochi,Common,Monsoon (July-Sept),"Shallow Reefs, Rocky Reefs"
706,Anglerfish,Local Name 706,Goa,Rare,Monsoon (July-Sept),"Freshwater rivers, Sandy Bottoms"
707,Mullet,Local Name 707,West Bengal Coast,Endangered,Year-round,"Open Sea, Sandy Bottoms"
708,Emperor Fish,Local Name 708,Bay of Bengal,Critically Endangered,Year-round,"Open Sea, Rocky Reefs"
709,Bonito,Local Name 709,Lakshadweep Sea,Endangered,Summer (May-Jul),"Open Sea, Rocky Reefs"
710,Groupers,Local Name 710,Palk Strait,Critically Endangered,Year-round,"Mangroves, Coastal"
711,Bluefin Tuna,Local Name 711,Tamil Nadu Coast,Critically Endangered,Winter (Dec-Feb),"Brackish, Brackish"
712,Eel,Local Name 712,Mumbai Coast,Endangered,Winter (Dec-Feb),"Rocky Reefs, Coral Reefs"
713,Bombay Duck,Local Name 713,"Sundarbans, West Bengal",Moderate,Winter (Dec-Feb),"Rocky Reefs, Coastal"
714,Blue Marlin,Local Name 714,Kerala Backwaters,Moderate,Spring (Mar-Apr),"Brackish, Freshwater rivers"
715,Catfish,Local Name 715,Kerala Backwaters,Endangered,Winter (Dec-Feb),"Open Sea, Freshwater rivers"
716,Drum,Local Name 716,Kanyakumari,Endangered,Monsoon (July-Sept),"Shallow Reefs, Estuaries"
717,Trout,Local Name 717,West Bengal Coast,Declining,Winter (Dec-Feb),"Brackish, Rocky Reefs"
718,Pomfret,Local Name 718,Tamil Nadu Coast,Moderate,Summer (May-Jul),"Brackish, Freshwater rivers"
719,Yellow Sea Bream,Local Name 719,Mumbai Coast,Moderate,Spring (Mar-Apr),"Rocky Reefs, Estuaries"
720,Carp,Local Name 720,Mumbai Coast,Rare,Monsoon (July-Sept),"Shallow Reefs, Freshwater rivers"
721,Blacktip Shark,Local Name 721,Palk Strait,Critically Endangered,Summer (May-Jul),"Sandy Bottoms, Mangroves"
722,Tilefish,Local Name 722,Odisha Coast,Stable,Winter (Dec-Feb),"Coral Reefs, Mangroves"
723,Chub,Local Name 723,Gulf of Mannar,Moderate,Winter (Dec-Feb),"Sandy Bottoms, Rocky Reefs"
724,Herring,Local Name 724,Rameswaram Coast,Stable,Spring (Mar-Apr),"Estuaries, Sandy Bottoms"
725,Snappers,Local Name 725,Rameswaram Coast,Rare,Summer (May-Jul),"Sandy Bottoms, Estuaries"
726,Blacktip Shark,Local Name 726,Tamil Nadu Coast,Declining,Year-round,"Freshwater rivers, Open Sea"
727,Lion Fish,Local Name 727,Gulf of Mannar,Rare,Summer (May-Jul),"Shallow Reefs, Shallow Reefs"
728,Sturgeon,Local Name 728,Tamil Nadu Coast,Moderate,Summer (May-Jul),"Open Sea, Shallow Reefs"
729,Cod,Local Name 729,Kochi,Critically Endangered,Spring (Mar-Apr),"Brackish, Brackish"
730,Bluefin Tuna,Local Name 730,Tamil Nadu Coast,Stable,Summer (May-Jul),"Brackish, Brackish"
731,Moray Eel,Local Name 731,Lakshadweep Sea,Moderate,Summer (May-Jul),"Coral Reefs, Rocky Reefs"
732,Blue Marlin,Local Name 732,Kerala Backwaters,Rare,Spring (Mar-Apr),"Brackish, Rocky Reefs"
733,Tilefish,Local Name 733,Mumbai Coast,Endangered,Winter (Dec-Feb),"Shallow Reefs, Mangroves"
734,Pike,Local Name 734,Kanyakumari,Critically Endangered,Monsoon (July-Sept),"Sandy Bottoms, Coral Reefs"
735,Tilefish,Local Name 735,West Bengal Coast,Rare,Monsoon (July-Sept),"Coral Reefs, Estuaries"
736,Goby,Local Name 736,Kerala Backwaters,Endangered,Summer (May-Jul),"Coastal, Mangroves"
737,Parrot Fish,Local Name 737,Rameswaram Coast,Declining,Winter (Dec-Feb),"Sandy Bottoms, Freshwater rivers"
738,Grunt,Local Name 738,Mumbai Coast,Critically Endangered,Year-round,"Shallow Reefs, Open Sea"
739,Hilsa,Local Name 739,Kerala Backwaters,Moderate,Year-round,"Coral Reefs, Rocky Reefs"
740,Mahi-Mahi,Local Name 740,Odisha Coast,Moderate,Monsoon (July-Sept),"Estuaries, Freshwater rivers"
741,Swordfish,Local Name 741,Kanyakumari,Endangered,Summer (May-Jul),"Sandy Bottoms, Coastal"
742,Trevally,Local Name 742,Kerala Backwaters,Moderate,Monsoon (July-Sept),"Coral Reefs, Open Sea"
743,Indian Featherback,Local Name 743,Tamil Nadu Coast,Critically Endangered,Monsoon (July-Sept),"Rocky Reefs, Rocky Reefs"
744,Snapper,Local Name 744,Kochi,Common,Spring (Mar-Apr),"Estuaries, Shallow Reefs"
745,Sardine,Local Name 745,Tamil Nadu Coast,Stable,Monsoon (July-Sept),"Mangroves, Coastal"
746,Tilapia,Local Name 746,Andaman Islands,Critically Endangered,Winter (Dec-Feb),"Shallow Reefs, Rocky Reefs"
747,Dory,Local Name 747,Gulf of Mannar,Rare,Year-round,"Estuaries, Freshwater rivers"
748,Trevally,Local Name 748,Mumbai Coast,Critically Endangered,Summer (May-Jul),"Shallow Reefs, Rocky Reefs"
749,Butterfly Fish,Local Name 749,Goa,Endangered,Winter (Dec-Feb),"Mangroves, Brackish"
750,Goby,Local Name 750,Kochi,Common,Summer (May-Jul),"Estuaries, Coastal"
751,Hawkfish,Local Name 751,"Sundarbans, West Bengal",Rare,Winter (Dec-Feb),"Coastal, Freshwater rivers"
752,Groupers,Local Name 752,"Sundarbans, West Bengal",Stable,Year-round,"Rocky Reefs, Estuaries"
753,Snapper,Local Name 753,Kerala Backwaters,Stable,Summer (May-Jul),"Coastal, Sandy Bottoms"
754,Goby,Local Name 754,Rameswaram Coast,Endangered,Spring (Mar-Apr),"Coastal, Shallow Reefs"
755,Yellow Sea Bream,Local Name 755,Kochi,Moderate,Winter (Dec-Feb),"Coastal, Coral Reefs"
756,Tilapia,Local Name 756,Rameswaram Coast,Common,Year-round,"Coastal, Rocky Reefs"
757,Indo-Pacific King Mackerel,Local Name 757,Bay of Bengal,Rare,Year-round,"Open Sea, Open Sea"
758,Anglerfish,Local Name 758,"Sundarbans, West Bengal",Common,Summer (May-Jul),"Estuaries, Coastal"
759,Surgeon Fish,Local Name 759,Mumbai Coast,Rare,Monsoon (July-Sept),"Shallow Reefs, Rocky Reefs"
760,Ladyfish,Local Name 760,Odisha Coast,Stable,Monsoon (July-Sept),"Freshwater rivers, Sandy Bottoms"
761,Giant Grouper,Local Name 761,Visakhapatnam,Stable,Spring (Mar-Apr),"Sandy Bottoms, Brackish"
762,Clown Fish,Local Name 762,Palk Strait,Critically Endangered,Year-round,"Brackish, Estuaries"
763,Longcomb Sawfish,Local Name 763,Kochi,Critically Endangered,Monsoon (July-Sept),"Open Sea, Sandy Bottoms"
764,Silver Whiting,Local Name 764,Bay of Bengal,Rare,Monsoon (July-Sept),"Rocky Reefs, Rocky Reefs"
765,Parrot Fish,Local Name 765,Kanyakumari,Stable,Year-round,"Brackish, Coral Reefs"
766,Butterfly Fish,Local Name 766,Kanyakumari,Moderate,Summer (May-Jul),"Mangroves, Freshwater rivers"
767,Mackerel,Local Name 767,Rameswaram Coast,Moderate,Monsoon (July-Sept),"Coastal, Sandy Bottoms"
768,Guitarfish,Local Name 768,Visakhapatnam,Declining,Summer (May-Jul),"Coral Reefs, Brackish"
769,Groupers,Local Name 769,Mumbai Coast,Moderate,Monsoon (July-Sept),"Brackish, Coral Reefs"
770,Mullet,Local Name 770,Rameswaram Coast,Endangered,Winter (Dec-Feb),"Coral Reefs, Shallow Reefs"
771,Drum,Local Name 771,Goa,Common,Summer (May-Jul),"Freshwater rivers, Brackish"
772,Emperor Fish,Local Name 772,Mumbai Coast,Endangered,Year-round,"Shallow Reefs, Coral Reefs"
773,Drum,Local Name 773,Kochi,Stable,Winter (Dec-Feb),"Open Sea, Sandy Bottoms"
774,Trevally,Local Name 774,Lakshadweep Sea,Stable,Spring (Mar-Apr),"Coral Reefs, Brackish"
775,Emperor Fish,Local Name 775,Andaman Islands,Critically Endangered,Spring (Mar-Apr),"Estuaries, Shallow Reefs"
776,Tuna,Local Name 776,"Sundarbans, West Bengal",Declining,Monsoon (July-Sept),"Sandy Bottoms, Sandy Bottoms"
777,Bluefin Tuna,Local Name 777,Rameswaram Coast,Moderate,Monsoon (July-Sept),"Freshwater rivers, Brackish"
778,Guitarfish,Local Name 778,Kochi,Endangered,Spring (Mar-Apr),"Freshwater rivers, Freshwater rivers"
779,Sardine,Local Name 779,Odisha Coast,Moderate,Winter (Dec-Feb),"Brackish, Mangroves"
780,Pufferfish,Local Name 780,Kanyakumari,Moderate,Year-round,"Rocky Reefs, Rocky Reefs"
781,Bream,Local Name 781,Gulf of Mannar,Endangered,Summer (May-Jul),"Rocky Reefs, Mangroves"
782,Ribbon Fish,Local Name 782,Goa,Declining,Spring (Mar-Apr),"Open Sea, Sandy Bottoms"
783,Tilapia,Local Name 783,Kanyakumari,Declining,Year-round,"Mangroves, Freshwater rivers"
784,Eel,Local Name 784,Kanyakumari,Stable,Monsoon (July-Sept),"Estuaries, Rocky Reefs"
785,Mullet,Local Name 785,Palk Strait,Common,Winter (Dec-Feb),"Freshwater rivers, Open Sea"
786,Trevally,Local Name 786,Rameswaram Coast,Moderate,Winter (Dec-Feb),"Estuaries, Mangroves"
787,Blue Marlin,Local Name 787,Mumbai Coast,Declining,Year-round,"Open Sea, Shallow Reefs"
788,Silver Whiting,Local Name 788,"Sundarbans, West Bengal",Stable,Monsoon (July-Sept),"Freshwater rivers, Coastal"
789,Snappers,Local Name 789,Gulf of Mannar,Rare,Winter (Dec-Feb),"Open Sea, Coastal"
790,Tilapia,Local Name 790,Visakhapatnam,Critically Endangered,Summer (May-Jul),"Estuaries, Estuaries"
791,Pangasius Catfish,Local Name 791,Bay of Bengal,Rare,Winter (Dec-Feb),"Brackish, Brackish"
792,Shovelnose Ray,Local Name 792,Palk Strait,Declining,Winter (Dec-Feb),"Shallow Reefs, Brackish"
793,Butterfly Fish,Local Name 793,West Bengal Coast,Stable,Winter (Dec-Feb),"Open Sea, Freshwater rivers"
794,Hilsa,Local Name 794,Kerala Backwaters,Common,Spring (Mar-Apr),"Coral Reefs, Mangroves"
795,Drum,Local Name 795,Tamil Nadu Coast,Endangered,Monsoon (July-Sept),"Brackish, Estuaries"
796,Surgeon Fish,Local Name 796,Andaman Islands,Endangered,Winter (Dec-Feb),"Rocky Reefs, Open Sea"
797,Trout,Local Name 797,Goa,Critically Endangered,Year-round,"Coastal, Coastal"
798,Pangasius Catfish,Local Name 798,"Sundarbans, West Bengal",Critically Endangered,Spring (Mar-Apr),"Estuaries, Mangroves"
799,Cod,Local Name 799,West Bengal Coast,Endangered,Year-round,"Sandy Bottoms, Open Sea"
800,Hilsa,Local Name 800,Bay of Bengal,Critically Endangered,Monsoon (July-Sept),"Estuaries, Mangroves"
801,Bluespotted Ribbontail Ray,Local Name 801,Kanyakumari,Moderate,Summer (May-Jul),"Freshwater rivers, Shallow Reefs"
802,Giant Grouper,Local Name 802,Goa,Declining,Spring (Mar-Apr),"Open Sea, Brackish"
803,Bluespotted Ribbontail Ray,Local Name 803,Kanyakumari,Endangered,Spring (Mar-Apr),"Mangroves, Sandy Bottoms"
804,Seahorse,Local Name 804,"Sundarbans, West Bengal",Stable,Monsoon (July-Sept),"Estuaries, Estuaries"
805,Dory,Local Name 805,Gulf of Mannar,Critically Endangered,Monsoon (July-Sept),"Estuaries, Freshwater rivers"
806,Groupers,Local Name 806,Visakhapatnam,Moderate,Year-round,"Open Sea, Coastal"
807,Pike,Local Name 807,Kochi,Rare,Monsoon (July-Sept),"Shallow Reefs, Freshwater rivers"
808,Drum,Local Name 808,Kochi,Declining,Monsoon (July-Sept),"Shallow Reefs, Rocky Reefs"
809,Snappers,Local Name 809,Lakshadweep Sea,Rare,Year-round,"Brackish, Mangroves"
810,Bluefin Tuna,Local Name 810,Lakshadweep Sea,Critically Endangered,Spring (Mar-Apr),"Coastal, Brackish"
811,Nurse Shark,Local Name 811,Mumbai Coast,Critically Endangered,Monsoon (July-Sept),"Coral Reefs, Sandy Bottoms"
812,Clown Fish,Local Name 812,Palk Strait,Declining,Monsoon (July-Sept),"Sandy Bottoms, Freshwater rivers"
813,Wrasse,Local Name 813,Bay of Bengal,Common,Year-round,"Estuaries, Coastal"
814,Anchovy,Local Name 814,Kerala Backwaters,Rare,Summer (May-Jul),"Coastal, Estuaries"
815,Hawkfish,Local Name 815,Gulf of Mannar,Endangered,Summer (May-Jul),"Coral Reefs, Freshwater rivers"
816,Wrasse,Local Name 816,West Bengal Coast,Rare,Summer (May-Jul),"Sandy Bottoms, Estuaries"
817,Shovelnose Ray,Local Name 817,Kerala Backwaters,Common,Summer (May-Jul),"Freshwater rivers, Mangroves"
818,Parrot Fish,Local Name 818,Palk Strait,Stable,Winter (Dec-Feb),"Estuaries, Rocky Reefs"
819,Eel,Local Name 819,Palk Strait,Common,Year-round,"Shallow Reefs, Freshwater rivers"
820,Goby,Local Name 820,"Sundarbans, West Bengal",Declining,Year-round,"Mangroves, Mangroves"
821,Anthias,Local Name 821,Andaman Islands,Declining,Year-round,"Estuaries, Coastal"
822,Mackerel,Local Name 822,West Bengal Coast,Moderate,Summer (May-Jul),"Freshwater rivers, Estuaries"
823,Tuna,Local Name 823,Kanyakumari,Common,Year-round,"Open Sea, Freshwater rivers"
824,Anchovy,Local Name 824,West Bengal Coast,Endangered,Winter (Dec-Feb),"Rocky Reefs, Estuaries"
825,Gobies,Local Name 825,Palk Strait,Moderate,Monsoon (July-Sept),"Mangroves, Mangroves"
826,Ribbon Fish,Local Name 826,Tamil Nadu Coast,Stable,Year-round,"Coral Reefs, Freshwater rivers"
827,Moray Eel,Local Name 827,Kanyakumari,Common,Summer (May-Jul),"Coral Reefs, Coastal"
828,Snappers,Local Name 828,Odisha Coast,Stable,Spring (Mar-Apr),"Brackish, Sandy Bottoms"
829,Guitarfish,Local Name 829,Gulf of Mannar,Endangered,Summer (May-Jul),"Mangroves, Coral Reefs"
830,Cod,Local Name 830,Andaman Islands,Common,Winter (Dec-Feb),"Rocky Reefs, Mangroves"
831,Parrot Fish,Local Name 831,Andaman Islands,Endangered,Winter (Dec-Feb),"Open Sea, Coral Reefs"
832,Gobies,Local Name 832,Goa,Common,Summer (May-Jul),"Coastal, Coastal"
833,Bream,Local Name 833,Andaman Islands,Critically Endangered,Summer (May-Jul),"Freshwater rivers, Freshwater rivers"
834,Blacktip Shark,Local Name 834,West Bengal Coast,Declining,Monsoon (July-Sept),"Freshwater rivers, Freshwater rivers"
835,Pangasius Catfish,Local Name 835,Rameswaram Coast,Endangered,Year-round,"Coastal, Coastal"
836,Giant Grouper,Local Name 836,Palk Strait,Endangered,Summer (May-Jul),"Open Sea, Estuaries"
837,Bluefin Tuna,Local Name 837,Gulf of Mannar,Rare,Monsoon (July-Sept),"Coral Reefs, Freshwater rivers"
838,Blue Marlin,Local Name 838,Gulf of Mannar,Stable,Summer (May-Jul),"Rocky Reefs, Coastal"
839,Anglerfish,Local Name 839,Bay of Bengal,Common,Monsoon (July-Sept),"Estuaries, Coastal"
840,Giant Grouper,Local Name 840,Bay of Bengal,Endangered,Summer (May-Jul),"Freshwater rivers, Open Sea"
841,Trevally,Local Name 841,Rameswaram Coast,Critically Endangered,Spring (Mar-Apr),"Brackish, Sandy Bottoms"
842,Hawkfish,Local Name 842,"Sundarbans, West Bengal",Common,Summer (May-Jul),"Sandy Bottoms, Coral Reefs"
843,Guitarfish,Local Name 843,Odisha Coast,Stable,Summer (May-Jul),"Estuaries, Estuaries"
844,Trevally,Local Name 844,Gulf of Mannar,Stable,Summer (May-Jul),"Rocky Reefs, Coastal"
845,Eel,Local Name 845,Odisha Coast,Common,Year-round,"Mangroves, Coral Reefs"
846,Blue Chromis,Local Name 846,Mumbai Coast,Endangered,Summer (May-Jul),"Freshwater rivers, Freshwater rivers"
847,Blue Chromis,Local Name 847,Lakshadweep Sea,Critically Endangered,Year-round,"Mangroves, Freshwater rivers"
848,Snappers,Local Name 848,Mumbai Coast,Endangered,Summer (May-Jul),"Coastal, Mangroves"
849,Butterfly Fish,Local Name 849,Lakshadweep Sea,Stable,Year-round,"Coral Reefs, Mangroves"
850,Indo-Pacific King Mackerel,Local Name 850,West Bengal Coast,Declining,Spring (Mar-Apr),"Coral Reefs, Estuaries"
851,Pike,Local Name 851,Kochi,Moderate,Spring (Mar-Apr),"Coastal, Estuaries"
852,Groupers,Local Name 852,Kerala Backwaters,Common,Monsoon (July-Sept),"Rocky Reefs, Open Sea"
853,Nurse Shark,Local Name 853,Rameswaram Coast,Rare,Year-round,"Freshwater rivers, Freshwater rivers"
854,Snapper,Local Name 854,Gulf of Mannar,Common,Year-round,"Brackish, Rocky Reefs"
855,Emperor Fish,Local Name 855,Tamil Nadu Coast,Stable,Spring (Mar-Apr),"Sandy Bottoms, Mangroves"
856,Shovelnose Ray,Local Name 856,Goa,Endangered,Year-round,"Coral Reefs, Coastal"
857,Mandarinfish,Local Name 857,Kanyakumari,Endangered,Winter (Dec-Feb),"Brackish, Rocky Reefs"
858,Lion Fish,Local Name 858,Goa,Critically Endangered,Spring (Mar-Apr),"Sandy Bottoms, Estuaries"
859,Bream,Local Name 859,Bay of Bengal,Endangered,Summer (May-Jul),"Estuaries, Estuaries"
860,Blacktip Shark,Local Name 860,Mumbai Coast,Common,Summer (May-Jul),"Estuaries, Brackish"
861,Anthias,Local Name 861,Mumbai Coast,Rare,Summer (May-Jul),"Coral Reefs, Coral Reefs"
862,Pomfret,Local Name 862,Tamil Nadu Coast,Moderate,Year-round,"Rocky Reefs, Coastal"
863,Tuna,Local Name 863,Kochi,Common,Monsoon (July-Sept),"Shallow Reefs, Rocky Reefs"
864,Shovelnose Ray,Local Name 864,Kanyakumari,Stable,Spring (Mar-Apr),"Coastal, Rocky Reefs"
865,Ribbon Fish,Local Name 865,Visakhapatnam,Moderate,Year-round,"Mangroves, Sandy Bottoms"
866,Herring,Local Name 866,Rameswaram Coast,Endangered,Summer (May-Jul),"Open Sea, Freshwater rivers"
867,Groupers,Local Name 867,Odisha Coast,Stable,Summer (May-Jul),"Estuaries, Open Sea"
868,Nurse Shark,Local Name 868,Palk Strait,Stable,Year-round,"Estuaries, Shallow Reefs"
869,Hawkfish,Local Name 869,Odisha Coast,Declining,Summer (May-Jul),"Sandy Bottoms, Sandy Bottoms"
870,Herring,Local Name 870,West Bengal Coast,Rare,Spring (Mar-Apr),"Rocky Reefs, Estuaries"
871,Carp,Local Name 871,Bay of Bengal,Common,Summer (May-Jul),"Rocky Reefs, Mangroves"
872,Moray Eel,Local Name 872,Mumbai Coast,Common,Year-round,"Mangroves, Freshwater rivers"
873,Trout,Local Name 873,Odisha Coast,Moderate,Year-round,"Brackish, Brackish"
874,Cod,Local Name 874,Odisha Coast,Critically Endangered,Monsoon (July-Sept),"Shallow Reefs, Shallow Reefs"
875,Blue Chromis,Local Name 875,West Bengal Coast,Declining,Spring (Mar-Apr),"Coastal, Freshwater rivers"
876,Sandperch,Local Name 876,Palk Strait,Common,Monsoon (July-Sept),"Coastal, Freshwater rivers"
877,Groupers,Local Name 877,Kerala Backwaters,Declining,Monsoon (July-Sept),"Mangroves, Estuaries"
878,Snapper,Local Name 878,Kochi,Critically Endangered,Winter (Dec-Feb),"Coastal, Mangroves"
879,Guitarfish,Local Name 879,Mumbai Coast,Stable,Winter (Dec-Feb),"Open Sea, Estuaries"
880,Bonito,Local Name 880,"Sundarbans, West Bengal",Common,Year-round,"Mangroves, Freshwater rivers"
881,Nurse Shark,Local Name 881,Lakshadweep Sea,Common,Spring (Mar-Apr),"Estuaries, Brackish"
882,Parrot Fish,Local Name 882,Rameswaram Coast,Rare,Summer (May-Jul),"Estuaries, Open Sea"
883,Guitarfish,Local Name 883,Kerala Backwaters,Declining,Monsoon (July-Sept),"Coastal, Open Sea"
884,Trout,Local Name 884,Andaman Islands,Rare,Summer (May-Jul),"Brackish, Mangroves"
885,Mackerel,Local Name 885,Gulf of Mannar,Moderate,Spring (Mar-Apr),"Coastal, Coastal"
886,Bonito,Local Name 886,Kerala Backwaters,Rare,Winter (Dec-Feb),"Rocky Reefs, Mangroves"
887,Lion Fish,Local Name 887,West Bengal Coast,Critically Endangered,Winter (Dec-Feb),"Estuaries, Freshwater rivers"
888,Giant Grouper,Local Name 888,Andaman Islands,Endangered,Year-round,"Rocky Reefs, Freshwater rivers"
889,Swordfish,Local Name 889,Visakhapatnam,Rare,Summer (May-Jul),"Open Sea, Open Sea"
890,Trevally,Local Name 890,Gulf of Mannar,Endangered,Spring (Mar-Apr),"Open Sea, Shallow Reefs"
891,Clown Fish,Local Name 891,Gulf of Mannar,Moderate,Year-round,"Brackish, Freshwater rivers"
892,Dory,Local Name 892,West Bengal Coast,Moderate,Spring (Mar-Apr),"Open Sea, Rocky Reefs"
893,Bream,Local Name 893,Tamil Nadu Coast,Common,Summer (May-Jul),"Sandy Bottoms, Freshwater rivers"
894,Herring,Local Name 894,Kerala Backwaters,Moderate,Monsoon (July-Sept),"Open Sea, Coral Reefs"
895,Mandarinfish,Local Name 895,Palk Strait,Critically Endangered,Winter (Dec-Feb),"Shallow Reefs, Coral Reefs"
896,Blacktip Shark,Local Name 896,West Bengal Coast,Rare,Winter (Dec-Feb),"Brackish, Mangroves"
897,Tilapia,Local Name 897,Rameswaram Coast,Declining,Year-round,"Coral Reefs, Coral Reefs"
898,Bream,Local Name 898,"Sundarbans, West Bengal",Common,Monsoon (July-Sept),"Shallow Reefs, Coastal"
899,Mackerel,Local Name 899,Andaman Islands,Moderate,Summer (May-Jul),"Coral Reefs, Shallow Reefs"
900,Bonito,Local Name 900,Rameswaram Coast,Declining,Year-round,"Shallow Reefs, Shallow Reefs"
901,Pike,Local Name 901,Rameswaram Coast,Rare,Monsoon (July-Sept),"Rocky Reefs, Coastal"
902,Ribbon Fish,Local Name 902,Mumbai Coast,Endangered,Spring (Mar-Apr),"Mangroves, Estuaries"
903,Anchovy,Local Name 903,Goa,Stable,Year-round,"Coastal, Coastal"
904,Chub,Local Name 904,Kanyakumari,Stable,Winter (Dec-Feb),"Sandy Bottoms, Shallow Reefs"
905,Groupers,Local Name 905,Gulf of Mannar,Common,Monsoon (July-Sept),"Coastal, Estuaries"
906,Tilefish,Local Name 906,Odisha Coast,Rare,Monsoon (July-Sept),"Rocky Reefs, Mangroves"
907,Scorpion Fish,Local Name 907,Kochi,Endangered,Winter (Dec-Feb),"Open Sea, Estuaries"
908,Bombay Duck,Local Name 908,West Bengal Coast,Common,Year-round,"Rocky Reefs, Sandy Bottoms"
909,Indian Featherback,Local Name 909,Mumbai Coast,Critically Endangered,Summer (May-Jul),"Estuaries, Open Sea"
910,Pike,Local Name 910,Mumbai Coast,Moderate,Summer (May-Jul),"Rocky Reefs, Rocky Reefs"
911,Bonito,Local Name 911,Gulf of Mannar,Moderate,Summer (May-Jul),"Freshwater rivers, Mangroves"
912,Blue Marlin,Local Name 912,Odisha Coast,Rare,Monsoon (July-Sept),"Estuaries, Coral Reefs"
913,Moray Eel,Local Name 913,Kanyakumari,Critically Endangered,Winter (Dec-Feb),"Sandy Bottoms, Estuaries"
914,Blue Marlin,Local Name 914,Tamil Nadu Coast,Stable,Winter (Dec-Feb),"Open Sea, Freshwater rivers"
915,Tuna,Local Name 915,Kochi,Critically Endangered,Monsoon (July-Sept),"Coral Reefs, Mangroves"
916,Blue Marlin,Local Name 916,Andaman Islands,Endangered,Winter (Dec-Feb),"Coral Reefs, Sandy Bottoms"
917,Bombay Duck,Local Name 917,Kanyakumari,Endangered,Year-round,"Open Sea, Rocky Reefs"
918,Chub,Local Name 918,Tamil Nadu Coast,Declining,Monsoon (July-Sept),"Mangroves, Rocky Reefs"
919,Mandarinfish,Local Name 919,Mumbai Coast,Moderate,Year-round,"Shallow Reefs, Sandy Bottoms"
920,Goby,Local Name 920,Odisha Coast,Rare,Winter (Dec-Feb),"Coastal, Coral Reefs"
921,Butterfly Fish,Local Name 921,"Sundarbans, West Bengal",Rare,Year-round,"Brackish, Rocky Reefs"
922,Anthias,Local Name 922,Palk Strait,Rare,Year-round,"Shallow Reefs, Open Sea"
923,Blacktip Shark,Local Name 923,West Bengal Coast,Endangered,Winter (Dec-Feb),"Coastal, Coral Reefs"
924,Sturgeon,Local Name 924,Gulf of Mannar,Endangered,Year-round,"Coral Reefs, Rocky Reefs"
925,Butterfly Fish,Local Name 925,Lakshadweep Sea,Moderate,Year-round,"Coastal, Sandy Bottoms"
926,Sardine,Local Name 926,Gulf of Mannar,Common,Year-round,"Freshwater rivers, Estuaries"
927,Dory,Local Name 927,Kanyakumari,Stable,Monsoon (July-Sept),"Coral Reefs, Rocky Reefs"
928,Sardine,Local Name 928,Visakhapatnam,Rare,Winter (Dec-Feb),"Open Sea, Coastal"
929,Herring,Local Name 929,Lakshadweep Sea,Common,Spring (Mar-Apr),"Open Sea, Open Sea"
930,Pomfret,Local Name 930,Gulf of Mannar,Moderate,Spring (Mar-Apr),"Coastal, Shallow Reefs"
931,Herring,Local Name 931,Odisha Coast,Stable,Spring (Mar-Apr),"Freshwater rivers, Shallow Reefs"
932,Hilsa,Local Name 932,Gulf of Mannar,Declining,Summer (May-Jul),"Mangroves, Open Sea"
933,Blue Marlin,Local Name 933,Tamil Nadu Coast,Moderate,Year-round,"Sandy Bottoms, Coastal"
934,Pike,Local Name 934,Goa,Declining,Year-round,"Open Sea, Coastal"
935,Tilapia,Local Name 935,Mumbai Coast,Declining,Winter (Dec-Feb),"Freshwater rivers, Shallow Reefs"
936,Blue Chromis,Local Name 936,Rameswaram Coast,Rare,Spring (Mar-Apr),"Shallow Reefs, Freshwater rivers"
937,Eel,Local Name 937,Kerala Backwaters,Stable,Spring (Mar-Apr),"Brackish, Coral Reefs"
938,Trevally,Local Name 938,Tamil Nadu Coast,Endangered,Summer (May-Jul),"Sandy Bottoms, Rocky Reefs"
939,Sturgeon,Local Name 939,Kerala Backwaters,Critically Endangered,Spring (Mar-Apr),"Open Sea, Estuaries"
940,Anchovy,Local Name 940,Kerala Backwaters,Rare,Monsoon (July-Sept),"Shallow Reefs, Coral Reefs"
941,Snappers,Local Name 941,Goa,Endangered,Winter (Dec-Feb),"Brackish, Shallow Reefs"
942,Catfish,Local Name 942,Tamil Nadu Coast,Endangered,Spring (Mar-Apr),"Rocky Reefs, Freshwater rivers"
943,Swordfish,Local Name 943,Kerala Backwaters,Common,Winter (Dec-Feb),"Rocky Reefs, Brackish"
944,Bream,Local Name 944,Kochi,Moderate,Summer (May-Jul),"Shallow Reefs, Coastal"
945,Tuna,Local Name 945,Bay of Bengal,Critically Endangered,Winter (Dec-Feb),"Coral Reefs, Open Sea"
946,Dory,Local Name 946,Odisha Coast,Critically Endangered,Monsoon (July-Sept),"Open Sea, Estuaries"
947,Groupers,Local Name 947,Tamil Nadu Coast,Rare,Winter (Dec-Feb),"Open Sea, Estuaries"
948,Mackerel,Local Name 948,Lakshadweep Sea,Moderate,Winter (Dec-Feb),"Shallow Reefs, Rocky Reefs"
949,Bonito,Local Name 949,Kochi,Declining,Winter (Dec-Feb),"Rocky Reefs, Rocky Reefs"
950,Guitarfish,Local Name 950,Goa,Critically Endangered,Spring (Mar-Apr),"Estuaries, Estuaries"
951,Groupers,Local Name 951,Andaman Islands,Endangered,Winter (Dec-Feb),"Estuaries, Coastal"
952,Blue Chromis,Local Name 952,Goa,Common,Summer (May-Jul),"Freshwater rivers, Mangroves"
953,Barramundi,Local Name 953,Mumbai Coast,Critically Endangered,Spring (Mar-Apr),"Freshwater rivers, Coral Reefs"
954,Ladyfish,Local Name 954,Odisha Coast,Common,Winter (Dec-Feb),"Rocky Reefs, Coastal"
955,Cod,Local Name 955,Mumbai Coast,Common,Winter (Dec-Feb),"Brackish, Estuaries"
956,Goby,Local Name 956,West Bengal Coast,Stable,Year-round,"Mangroves, Rocky Reefs"
957,Mackerel,Local Name 957,Gulf of Mannar,Declining,Summer (May-Jul),"Coral Reefs, Sandy Bottoms"
958,Carp,Local Name 958,Kerala Backwaters,Stable,Year-round,"Freshwater rivers, Estuaries"
959,Tilefish,Local Name 959,West Bengal Coast,Stable,Winter (Dec-Feb),"Freshwater rivers, Coastal"
960,Ribbon Fish,Local Name 960,Odisha Coast,Declining,Summer (May-Jul),"Freshwater rivers, Estuaries"
961,Hilsa,Local Name 961,Kerala Backwaters,Moderate,Year-round,"Freshwater rivers, Sandy Bottoms"
962,Bream,Local Name 962,Bay of Bengal,Declining,Year-round,"Rocky Reefs, Freshwater rivers"
963,Goby,Local Name 963,Bay of Bengal,Rare,Spring (Mar-Apr),"Mangroves, Brackish"
964,Blue Marlin,Local Name 964,Tamil Nadu Coast,Rare,Winter (Dec-Feb),"Estuaries, Coastal"
965,Moray Eel,Local Name 965,Tamil Nadu Coast,Moderate,Monsoon (July-Sept),"Brackish, Rocky Reefs"
966,Barramundi,Local Name 966,Lakshadweep Sea,Endangered,Summer (May-Jul),"Coastal, Mangroves"
967,Pufferfish,Local Name 967,Tamil Nadu Coast,Common,Summer (May-Jul),"Open Sea, Shallow Reefs"
968,Drum,Local Name 968,Andaman Islands,Moderate,Monsoon (July-Sept),"Shallow Reefs, Rocky Reefs"
969,Anglerfish,Local Name 969,Andaman Islands,Moderate,Summer (May-Jul),"Sandy Bottoms, Freshwater rivers"
970,Gobies,Local Name 970,Rameswaram Coast,Moderate,Year-round,"Sandy Bottoms, Open Sea"
971,Clown Fish,Local Name 971,Odisha Coast,Common,Monsoon (July-Sept),"Coastal, Coral Reefs"
972,Bluefin Tuna,Local Name 972,Goa,Declining,Winter (Dec-Feb),"Coastal, Estuaries"
973,Sandperch,Local Name 973,Rameswaram Coast,Stable,Winter (Dec-Feb),"Open Sea, Brackish"
974,Ribbon Fish,Local Name 974,Visakhapatnam,Rare,Monsoon (July-Sept),"Mangroves, Shallow Reefs"
975,Silver Whiting,Local Name 975,Kanyakumari,Rare,Spring (Mar-Apr),"Freshwater rivers, Shallow Reefs"
976,Goby,Local Name 976,Lakshadweep Sea,Rare,Summer (May-Jul),"Estuaries, Freshwater rivers"
977,Blue Marlin,Local Name 977,Tamil Nadu Coast,Stable,Year-round,"Coral Reefs, Open Sea"
978,Anchovy,Local Name 978,Palk Strait,Moderate,Winter (Dec-Feb),"Estuaries, Sandy Bottoms"
979,Sturgeon,Local Name 979,Visakhapatnam,Common,Monsoon (July-Sept),"Freshwater rivers, Mangroves"
980,Pufferfish,Local Name 980,Odisha Coast,Common,Monsoon (July-Sept),"Coastal, Mangroves"
981,Blacktip Shark,Local Name 981,Palk Strait,Endangered,Spring (Mar-Apr),"Sandy Bottoms, Rocky Reefs"
982,Pomfret,Local Name 982,Tamil Nadu Coast,Critically Endangered,Winter (Dec-Feb),"Coral Reefs, Coral Reefs"
983,Mackerel,Local Name 983,Odisha Coast,Endangered,Monsoon (July-Sept),"Freshwater rivers, Open Sea"
984,Blue Marlin,Local Name 984,Mumbai Coast,Declining,Monsoon (July-Sept),"Mangroves, Shallow Reefs"
985,Moray Eel,Local Name 985,Mumbai Coast,Rare,Monsoon (July-Sept),"Shallow Reefs, Brackish"
986,Silver Whiting,Local Name 986,Gulf of Mannar,Stable,Year-round,"Freshwater rivers, Coastal"
987,Pangasius Catfish,Local Name 987,Kochi,Stable,Winter (Dec-Feb),"Coastal, Freshwater rivers"
988,Shovelnose Ray,Local Name 988,Rameswaram Coast,Moderate,Year-round,"Coastal, Mangroves"
989,Pomfret,Local Name 989,"Sundarbans, West Bengal",Declining,Summer (May-Jul),"Coral Reefs, Open Sea"
990,Grunt,Local Name 990,Rameswaram Coast,Rare,Spring (Mar-Apr),"Shallow Reefs, Open Sea"
991,Sardine,Local Name 991,Palk Strait,Stable,Year-round,"Coastal, Coral Reefs"
992,Lion Fish,Local Name 992,Kerala Backwaters,Moderate,Winter (Dec-Feb),"Coral Reefs, Open Sea"
993,Nurse Shark,Local Name 993,Odisha Coast,Rare,Spring (Mar-Apr),"Estuaries, Shallow Reefs"
994,Eel,Local Name 994,Bay of Bengal,Declining,Summer (May-Jul),"Rocky Reefs, Coastal"
995,Bluespotted Ribbontail Ray,Local Name 995,"Sundarbans, West Bengal",Moderate,Spring (Mar-Apr),"Mangroves, Coastal"
996,Bombay Duck,Local Name 996,Kerala Backwaters,Common,Monsoon (July-Sept),"Sandy Bottoms, Estuaries"
997,Pike,Local Name 997,"Sundarbans, West Bengal",Rare,Spring (Mar-Apr),"Shallow Reefs, Rocky Reefs"
998,Mackerel,Local Name 998,Tamil Nadu Coast,Moderate,Monsoon (July-Sept),"Sandy Bottoms, Sandy Bottoms"
999,Dory,Local Name 999,Palk Strait,Moderate,Year-round,"Open Sea, Coastal"
1000,Wrasse,Local Name 1000,Kochi,Rare,Summer (May-Jul),"Mangroves, Sandy Bottoms"
